"run_id","pair","layer","metric","value","n_samples","left_modality","right_modality","p_value","null_mean","null_std","delta_vs_null_mean","z_score"
"rq1_full_pipeline_hypersim_100_scenes_4000_samples_join_null_A-20260518-225144","depth-depth_joint_with_normals","layer_00","cka","0.9989992569785445","4000","depth","depth_joint_with_normals","0.004975124378109453","0.0008076122674055225","0.000309958994935694","0.998191644711139","3220.3990238071005"
"rq1_full_pipeline_hypersim_100_scenes_4000_samples_join_null_A-20260518-225144","depth-depth_joint_with_normals","layer_01","cka","0.9944407343827103","4000","depth","depth_joint_with_normals","0.004975124378109453","0.0010744354606020653","0.000394875635336248","0.9933662989221083","2515.643433093126"
"rq1_full_pipeline_hypersim_100_scenes_4000_samples_join_null_A-20260518-225144","depth-depth_joint_with_normals","layer_02","cka","0.9923091598907243","4000","depth","depth_joint_with_normals","0.004975124378109453","0.0014149438417315474","0.0003424209866733027","0.9908942160489927","2893.789383868536"
"rq1_full_pipeline_hypersim_100_scenes_4000_samples_join_null_A-20260518-225144","depth-depth_joint_with_normals","layer_03","cka","0.9812387146154662","4000","depth","depth_joint_with_normals","0.004975124378109453","0.001920070277572603","0.00035828207923949634","0.9793186443378936","2733.3732304351756"
"rq1_full_pipeline_hypersim_100_scenes_4000_samples_join_null_A-20260518-225144","depth-depth_joint_with_normals","layer_04","cka","0.9771246193825799","4000","depth","depth_joint_with_normals","0.004975124378109453","0.0021049679781777316","0.000352648241725401","0.9750196514044022","2764.8504544753337"
"rq1_full_pipeline_hypersim_100_scenes_4000_samples_join_null_A-20260518-225144","depth-depth_joint_with_normals","layer_05","cka","0.9726875682015221","4000","depth","depth_joint_with_normals","0.004975124378109453","0.0024092851178513035","0.0003609836909154444","0.9702782830836708","2687.872908116909"
"rq1_full_pipeline_hypersim_100_scenes_4000_samples_join_null_A-20260518-225144","depth-depth_joint_with_normals","layer_06","cka","0.9648882642869157","4000","depth","depth_joint_with_normals","0.004975124378109453","0.002644207342996977","0.00037323590857925954","0.9622440569439187","2578.112220248976"
"rq1_full_pipeline_hypersim_100_scenes_4000_samples_join_null_A-20260518-225144","depth-depth_joint_with_normals","layer_07","cka","0.9468641589114437","4000","depth","depth_joint_with_normals","0.004975124378109453","0.0030472478936473435","0.00037852159696203904","0.9438169110177964","2493.429486171299"
"rq1_full_pipeline_hypersim_100_scenes_4000_samples_join_null_A-20260518-225144","depth-depth_joint_with_normals","layer_08","cka","0.9313103106431432","4000","depth","depth_joint_with_normals","0.004975124378109453","0.0037398555016184996","0.00039185253176994144","0.9275704551415247","2367.141666666852"
"rq1_full_pipeline_hypersim_100_scenes_4000_samples_join_null_A-20260518-225144","depth-depth_joint_with_normals","layer_09","cka","0.9021501096057736","4000","depth","depth_joint_with_normals","0.004975124378109453","0.004651199602123927","0.0003578223041287431","0.8974989100036497","2508.225171119386"
"rq1_full_pipeline_hypersim_100_scenes_4000_samples_join_null_A-20260518-225144","depth-depth_joint_with_normals","layer_10","cka","0.8586379442868063","4000","depth","depth_joint_with_normals","0.004975124378109453","0.005651779149180929","0.0004589699615768333","0.8529861651376254","1858.4792830605154"
"rq1_full_pipeline_hypersim_100_scenes_4000_samples_join_null_A-20260518-225144","depth-depth_joint_with_normals","layer_11","cka","0.8331793584776955","4000","depth","depth_joint_with_normals","0.004975124378109453","0.005767489774448278","0.00038619433168542643","0.8274118687032472","2142.475434821279"
"rq1_full_pipeline_hypersim_100_scenes_4000_samples_join_null_A-20260518-225144","depth-depth_joint_with_normals","layer_00","pwcca","0.866733720891945","4000","depth","depth_joint_with_normals","0.004975124378109453","0.107373697671459","0.001927253467870509","0.759360023220486","394.01149660896965"
"rq1_full_pipeline_hypersim_100_scenes_4000_samples_join_null_A-20260518-225144","depth-depth_joint_with_normals","layer_01","pwcca","0.8476626102982694","4000","depth","depth_joint_with_normals","0.004975124378109453","0.10753453817289521","0.0015494611259611354","0.7401280721253742","477.6680484102307"
"rq1_full_pipeline_hypersim_100_scenes_4000_samples_join_null_A-20260518-225144","depth-depth_joint_with_normals","layer_02","pwcca","0.8751636369479061","4000","depth","depth_joint_with_normals","0.004975124378109453","0.10759132060055661","0.001561100662831587","0.7675723163473495","491.6866250989196"
"rq1_full_pipeline_hypersim_100_scenes_4000_samples_join_null_A-20260518-225144","depth-depth_joint_with_normals","layer_03","pwcca","0.8353102782533364","4000","depth","depth_joint_with_normals","0.004975124378109453","0.10765476313791494","0.001383254450930015","0.7276555151154214","526.0460319691657"
"rq1_full_pipeline_hypersim_100_scenes_4000_samples_join_null_A-20260518-225144","depth-depth_joint_with_normals","layer_04","pwcca","0.8281924454386274","4000","depth","depth_joint_with_normals","0.004975124378109453","0.10750626961449893","0.0015046245964627416","0.7206861758241284","478.98072218040767"
"rq1_full_pipeline_hypersim_100_scenes_4000_samples_join_null_A-20260518-225144","depth-depth_joint_with_normals","layer_05","pwcca","0.8185074258180716","4000","depth","depth_joint_with_normals","0.004975124378109453","0.10755365887976229","0.001425692164499141","0.7109537669383093","498.6727041374138"
"rq1_full_pipeline_hypersim_100_scenes_4000_samples_join_null_A-20260518-225144","depth-depth_joint_with_normals","layer_06","pwcca","0.7973104066671838","4000","depth","depth_joint_with_normals","0.004975124378109453","0.10747883198612955","0.0013882074551195519","0.6898315746810543","496.92254002601237"
"rq1_full_pipeline_hypersim_100_scenes_4000_samples_join_null_A-20260518-225144","depth-depth_joint_with_normals","layer_07","pwcca","0.7808385004205776","4000","depth","depth_joint_with_normals","0.004975124378109453","0.10772160304712301","0.0013390349371547518","0.6731168973734546","502.6880768351922"
"rq1_full_pipeline_hypersim_100_scenes_4000_samples_join_null_A-20260518-225144","depth-depth_joint_with_normals","layer_08","pwcca","0.7657668011123105","4000","depth","depth_joint_with_normals","0.004975124378109453","0.10783473749339482","0.0014339091687460388","0.6579320636189158","458.83803378862615"
"rq1_full_pipeline_hypersim_100_scenes_4000_samples_join_null_A-20260518-225144","depth-depth_joint_with_normals","layer_09","pwcca","0.7469228237986651","4000","depth","depth_joint_with_normals","0.004975124378109453","0.10796259392656336","0.0012382574261767475","0.6389602298721018","516.0156655348799"
"rq1_full_pipeline_hypersim_100_scenes_4000_samples_join_null_A-20260518-225144","depth-depth_joint_with_normals","layer_10","pwcca","0.718382640252862","4000","depth","depth_joint_with_normals","0.004975124378109453","0.10775756518773993","0.0013783917968553006","0.6106250750651221","442.99819286375487"
"rq1_full_pipeline_hypersim_100_scenes_4000_samples_join_null_A-20260518-225144","depth-depth_joint_with_normals","layer_11","pwcca","0.7142528964594678","4000","depth","depth_joint_with_normals","0.004975124378109453","0.10808406011991703","0.0012901823810479631","0.6061688363395508","469.8318976013176"
"rq1_full_pipeline_hypersim_100_scenes_4000_samples_join_null_A-20260518-225144","depth-depth_joint_with_normals","layer_00","knn_overlap","0.76295","4000","depth","depth_joint_with_normals","0.004975124378109453","0.0025246250000000004","0.00029463406859187214","0.7604253750000001","2580.914619392991"
"rq1_full_pipeline_hypersim_100_scenes_4000_samples_join_null_A-20260518-225144","depth-depth_joint_with_normals","layer_01","knn_overlap","0.6942","4000","depth","depth_joint_with_normals","0.004975124378109453","0.0025495","0.0002869882401771892","0.6916505000000001","2410.030806743052"
"rq1_full_pipeline_hypersim_100_scenes_4000_samples_join_null_A-20260518-225144","depth-depth_joint_with_normals","layer_02","knn_overlap","0.713225","4000","depth","depth_joint_with_normals","0.004975124378109453","0.002607875","0.0003122356632016913","0.710617125","2275.899933125098"
"rq1_full_pipeline_hypersim_100_scenes_4000_samples_join_null_A-20260518-225144","depth-depth_joint_with_normals","layer_03","knn_overlap","0.6186","4000","depth","depth_joint_with_normals","0.004975124378109453","0.0025945","0.00028387012875609154","0.6160055","2170.0257885509595"
"rq1_full_pipeline_hypersim_100_scenes_4000_samples_join_null_A-20260518-225144","depth-depth_joint_with_normals","layer_04","knn_overlap","0.6056","4000","depth","depth_joint_with_normals","0.004975124378109453","0.002591","0.0002801343427714638","0.603009","2152.5707774142506"
"rq1_full_pipeline_hypersim_100_scenes_4000_samples_join_null_A-20260518-225144","depth-depth_joint_with_normals","layer_05","knn_overlap","0.6061","4000","depth","depth_joint_with_normals","0.004975124378109453","0.0025924999999999998","0.00028952547383606853","0.6035075","2084.471158975498"
"rq1_full_pipeline_hypersim_100_scenes_4000_samples_join_null_A-20260518-225144","depth-depth_joint_with_normals","layer_06","knn_overlap","0.5858","4000","depth","depth_joint_with_normals","0.004975124378109453","0.0025944999999999996","0.00031652567036498006","0.5832055","1842.5219645772056"
"rq1_full_pipeline_hypersim_100_scenes_4000_samples_join_null_A-20260518-225144","depth-depth_joint_with_normals","layer_07","knn_overlap","0.567","4000","depth","depth_joint_with_normals","0.004975124378109453","0.002603875","0.00030650344104919935","0.5643961249999999","1841.402246800238"
"rq1_full_pipeline_hypersim_100_scenes_4000_samples_join_null_A-20260518-225144","depth-depth_joint_with_normals","layer_08","knn_overlap","0.56635","4000","depth","depth_joint_with_normals","0.004975124378109453","0.0026471249999999997","0.00034767241675893703","0.563702875","1621.3620863424733"
"rq1_full_pipeline_hypersim_100_scenes_4000_samples_join_null_A-20260518-225144","depth-depth_joint_with_normals","layer_09","knn_overlap","0.53655","4000","depth","depth_joint_with_normals","0.004975124378109453","0.002632","0.000290238694870274","0.533918","1839.5824176326373"
"rq1_full_pipeline_hypersim_100_scenes_4000_samples_join_null_A-20260518-225144","depth-depth_joint_with_normals","layer_10","knn_overlap","0.5049","4000","depth","depth_joint_with_normals","0.004975124378109453","0.0026797500000000003","0.00031019540212582134","0.50222025","1619.0447909872296"
"rq1_full_pipeline_hypersim_100_scenes_4000_samples_join_null_A-20260518-225144","depth-depth_joint_with_normals","layer_11","knn_overlap","0.46345000000000003","4000","depth","depth_joint_with_normals","0.004975124378109453","0.0026621249999999996","0.00029402356942088845","0.460787875","1567.1800594339156"
"rq1_full_pipeline_hypersim_100_scenes_4000_samples_join_null_A-20260518-225144","depth-depth_joint_with_rgb","layer_00","cka","0.9764619151351026","4000","depth","depth_joint_with_rgb","0.004975124378109453","0.0010128092120558492","0.00038261833989219494","0.9754491059230468","2549.404992447266"
"rq1_full_pipeline_hypersim_100_scenes_4000_samples_join_null_A-20260518-225144","depth-depth_joint_with_rgb","layer_01","cka","0.9825305987316976","4000","depth","depth_joint_with_rgb","0.004975124378109453","0.0012131559534439267","0.0003678157460502691","0.9813174427782536","2667.9593065712247"
"rq1_full_pipeline_hypersim_100_scenes_4000_samples_join_null_A-20260518-225144","depth-depth_joint_with_rgb","layer_02","cka","0.9893214703320826","4000","depth","depth_joint_with_rgb","0.004975124378109453","0.0015896041972473093","0.0003578276338888823","0.9877318661348353","2760.3565867737307"
"rq1_full_pipeline_hypersim_100_scenes_4000_samples_join_null_A-20260518-225144","depth-depth_joint_with_rgb","layer_03","cka","0.9809113142637192","4000","depth","depth_joint_with_rgb","0.004975124378109453","0.0020100614831198714","0.00040942806629407785","0.9789012527805994","2390.899240594534"
"rq1_full_pipeline_hypersim_100_scenes_4000_samples_join_null_A-20260518-225144","depth-depth_joint_with_rgb","layer_04","cka","0.975974008840454","4000","depth","depth_joint_with_rgb","0.004975124378109453","0.0021953747664028413","0.0003433319365426475","0.9737786340740512","2836.259987579372"
"rq1_full_pipeline_hypersim_100_scenes_4000_samples_join_null_A-20260518-225144","depth-depth_joint_with_rgb","layer_05","cka","0.9696018019550714","4000","depth","depth_joint_with_rgb","0.004975124378109453","0.0026193735290443833","0.0003163593892221663","0.966982428426027","3056.5946874646247"
"rq1_full_pipeline_hypersim_100_scenes_4000_samples_join_null_A-20260518-225144","depth-depth_joint_with_rgb","layer_06","cka","0.9587033310582644","4000","depth","depth_joint_with_rgb","0.004975124378109453","0.0029289923591907987","0.0004498517456128995","0.9557743386990737","2124.642947415667"
"rq1_full_pipeline_hypersim_100_scenes_4000_samples_join_null_A-20260518-225144","depth-depth_joint_with_rgb","layer_07","cka","0.9406515439592185","4000","depth","depth_joint_with_rgb","0.004975124378109453","0.003532011949743844","0.0004203961050925894","0.9371195320094746","2229.134667656068"
"rq1_full_pipeline_hypersim_100_scenes_4000_samples_join_null_A-20260518-225144","depth-depth_joint_with_rgb","layer_08","cka","0.9308343449768739","4000","depth","depth_joint_with_rgb","0.004975124378109453","0.004330284951130828","0.00040702938071628727","0.926504060025743","2276.258432242135"
"rq1_full_pipeline_hypersim_100_scenes_4000_samples_join_null_A-20260518-225144","depth-depth_joint_with_rgb","layer_09","cka","0.9230229998432145","4000","depth","depth_joint_with_rgb","0.004975124378109453","0.005220491814415811","0.0003798459345692794","0.9178025080287986","2416.249390873505"
"rq1_full_pipeline_hypersim_100_scenes_4000_samples_join_null_A-20260518-225144","depth-depth_joint_with_rgb","layer_10","cka","0.8888919318165114","4000","depth","depth_joint_with_rgb","0.004975124378109453","0.006327636400519227","0.0004399295140107088","0.8825642954159921","2006.149320080645"
"rq1_full_pipeline_hypersim_100_scenes_4000_samples_join_null_A-20260518-225144","depth-depth_joint_with_rgb","layer_11","cka","0.8561347414682987","4000","depth","depth_joint_with_rgb","0.004975124378109453","0.006301010260270439","0.00043650075745172985","0.8498337312080283","1946.9238407954117"
"rq1_full_pipeline_hypersim_100_scenes_4000_samples_join_null_A-20260518-225144","depth-depth_joint_with_rgb","layer_00","pwcca","0.5485514110785545","4000","depth","depth_joint_with_rgb","0.004975124378109453","0.107272702066955","0.0017809295090087014","0.44127870901159955","247.77999734375985"
"rq1_full_pipeline_hypersim_100_scenes_4000_samples_join_null_A-20260518-225144","depth-depth_joint_with_rgb","layer_01","pwcca","0.7356230535520607","4000","depth","depth_joint_with_rgb","0.004975124378109453","0.10769180902214337","0.0016660720686686391","0.6279312445299173","376.89320668564966"
"rq1_full_pipeline_hypersim_100_scenes_4000_samples_join_null_A-20260518-225144","depth-depth_joint_with_rgb","layer_02","pwcca","0.8275521187564145","4000","depth","depth_joint_with_rgb","0.004975124378109453","0.10766994992193155","0.0014916074248585024","0.719882168834483","482.62173869426323"
"rq1_full_pipeline_hypersim_100_scenes_4000_samples_join_null_A-20260518-225144","depth-depth_joint_with_rgb","layer_03","pwcca","0.8162804728852109","4000","depth","depth_joint_with_rgb","0.004975124378109453","0.10770044256020576","0.0014757703144023418","0.7085800303250052","480.1424878992543"
"rq1_full_pipeline_hypersim_100_scenes_4000_samples_join_null_A-20260518-225144","depth-depth_joint_with_rgb","layer_04","pwcca","0.8270830681257149","4000","depth","depth_joint_with_rgb","0.004975124378109453","0.10767488708545853","0.0014568393728820767","0.7194081810402564","493.81434524044033"
"rq1_full_pipeline_hypersim_100_scenes_4000_samples_join_null_A-20260518-225144","depth-depth_joint_with_rgb","layer_05","pwcca","0.8167196164877172","4000","depth","depth_joint_with_rgb","0.004975124378109453","0.10768256186006575","0.001306931983340853","0.7090370546276514","542.5202410420557"
"rq1_full_pipeline_hypersim_100_scenes_4000_samples_join_null_A-20260518-225144","depth-depth_joint_with_rgb","layer_06","pwcca","0.78310835067852","4000","depth","depth_joint_with_rgb","0.004975124378109453","0.10778898042966034","0.0014627629494133822","0.6753193702488597","461.6738279566664"
"rq1_full_pipeline_hypersim_100_scenes_4000_samples_join_null_A-20260518-225144","depth-depth_joint_with_rgb","layer_07","pwcca","0.7625340674595891","4000","depth","depth_joint_with_rgb","0.004975124378109453","0.10814544798136311","0.0013753974425318996","0.654388619478226","475.7814717712395"
"rq1_full_pipeline_hypersim_100_scenes_4000_samples_join_null_A-20260518-225144","depth-depth_joint_with_rgb","layer_08","pwcca","0.7595558337180622","4000","depth","depth_joint_with_rgb","0.004975124378109453","0.10834314779117307","0.00127010859661325","0.6512126859268892","512.7220520066951"
"rq1_full_pipeline_hypersim_100_scenes_4000_samples_join_null_A-20260518-225144","depth-depth_joint_with_rgb","layer_09","pwcca","0.7600366165051875","4000","depth","depth_joint_with_rgb","0.004975124378109453","0.10845683741239291","0.0013237304750444193","0.6515797790927946","492.22994512605"
"rq1_full_pipeline_hypersim_100_scenes_4000_samples_join_null_A-20260518-225144","depth-depth_joint_with_rgb","layer_10","pwcca","0.7585565409329025","4000","depth","depth_joint_with_rgb","0.004975124378109453","0.10824703365987537","0.0013426417543142219","0.6503095072730272","484.35072511593705"
"rq1_full_pipeline_hypersim_100_scenes_4000_samples_join_null_A-20260518-225144","depth-depth_joint_with_rgb","layer_11","pwcca","0.7679813828332531","4000","depth","depth_joint_with_rgb","0.004975124378109453","0.10882478852104036","0.001417710229553032","0.6591565943122127","464.94451445132626"
"rq1_full_pipeline_hypersim_100_scenes_4000_samples_join_null_A-20260518-225144","depth-depth_joint_with_rgb","layer_00","knn_overlap","0.3438","4000","depth","depth_joint_with_rgb","0.004975124378109453","0.002514625","0.0002996798030815557","0.341285375","1138.8334198388459"
"rq1_full_pipeline_hypersim_100_scenes_4000_samples_join_null_A-20260518-225144","depth-depth_joint_with_rgb","layer_01","knn_overlap","0.4819","4000","depth","depth_joint_with_rgb","0.004975124378109453","0.002553125","0.0002849664179776277","0.479346875","1682.117066291063"
"rq1_full_pipeline_hypersim_100_scenes_4000_samples_join_null_A-20260518-225144","depth-depth_joint_with_rgb","layer_02","knn_overlap","0.627125","4000","depth","depth_joint_with_rgb","0.004975124378109453","0.0026113750000000004","0.00029930959619597897","0.6245136250000001","2086.5138737185266"
"rq1_full_pipeline_hypersim_100_scenes_4000_samples_join_null_A-20260518-225144","depth-depth_joint_with_rgb","layer_03","knn_overlap","0.616275","4000","depth","depth_joint_with_rgb","0.004975124378109453","0.002593125","0.0003348781261518883","0.613681875","1832.5528814075385"
"rq1_full_pipeline_hypersim_100_scenes_4000_samples_join_null_A-20260518-225144","depth-depth_joint_with_rgb","layer_04","knn_overlap","0.60935","4000","depth","depth_joint_with_rgb","0.004975124378109453","0.002608125","0.000311246862433985","0.606741875","1949.3911368462036"
"rq1_full_pipeline_hypersim_100_scenes_4000_samples_join_null_A-20260518-225144","depth-depth_joint_with_rgb","layer_05","knn_overlap","0.5856250000000001","4000","depth","depth_joint_with_rgb","0.004975124378109453","0.00260175","0.00028797254643455163","0.5830232500000001","2024.5792774989595"
"rq1_full_pipeline_hypersim_100_scenes_4000_samples_join_null_A-20260518-225144","depth-depth_joint_with_rgb","layer_06","knn_overlap","0.572575","4000","depth","depth_joint_with_rgb","0.004975124378109453","0.002624375","0.00033100639627505694","0.5699506249999999","1721.871937865476"
"rq1_full_pipeline_hypersim_100_scenes_4000_samples_join_null_A-20260518-225144","depth-depth_joint_with_rgb","layer_07","knn_overlap","0.556175","4000","depth","depth_joint_with_rgb","0.004975124378109453","0.0026193750000000006","0.0002795245684640261","0.553555625","1980.3469442480896"
"rq1_full_pipeline_hypersim_100_scenes_4000_samples_join_null_A-20260518-225144","depth-depth_joint_with_rgb","layer_08","knn_overlap","0.5722","4000","depth","depth_joint_with_rgb","0.004975124378109453","0.00265575","0.00028977049107871563","0.5695442500000001","1965.5012071097483"
"rq1_full_pipeline_hypersim_100_scenes_4000_samples_join_null_A-20260518-225144","depth-depth_joint_with_rgb","layer_09","knn_overlap","0.595","4000","depth","depth_joint_with_rgb","0.004975124378109453","0.0027157500000000003","0.00030452124310136394","0.59228425","1944.9685807398673"
"rq1_full_pipeline_hypersim_100_scenes_4000_samples_join_null_A-20260518-225144","depth-depth_joint_with_rgb","layer_10","knn_overlap","0.590675","4000","depth","depth_joint_with_rgb","0.004975124378109453","0.00268725","0.0003043331850127422","0.5879877499999999","1932.0526940740338"
"rq1_full_pipeline_hypersim_100_scenes_4000_samples_join_null_A-20260518-225144","depth-depth_joint_with_rgb","layer_11","knn_overlap","0.5447","4000","depth","depth_joint_with_rgb","0.004975124378109453","0.002704","0.00030819474362811576","0.5419959999999999","1758.61532750215"
"rq1_full_pipeline_hypersim_100_scenes_4000_samples_join_null_A-20260518-225144","depth-normals","layer_00","cka","0.12656126294902303","4000","depth","normals","0.004975124378109453","0.0010184042123148552","0.00038468987739390207","0.12554285873670817","326.34822519168847"
"rq1_full_pipeline_hypersim_100_scenes_4000_samples_join_null_A-20260518-225144","depth-normals","layer_01","cka","0.1366042941741885","4000","depth","normals","0.004975124378109453","0.001064086570799721","0.000359183095721413","0.13554020760338878","377.3568667844978"
"rq1_full_pipeline_hypersim_100_scenes_4000_samples_join_null_A-20260518-225144","depth-normals","layer_02","cka","0.17561907296767","4000","depth","normals","0.004975124378109453","0.001344294387207024","0.00033541192571297554","0.17427477858046297","519.5843236939535"
"rq1_full_pipeline_hypersim_100_scenes_4000_samples_join_null_A-20260518-225144","depth-normals","layer_03","cka","0.21316531609449446","4000","depth","normals","0.004975124378109453","0.0018057850530713464","0.00040179924061530664","0.2113595310414231","526.0326792000694"
"rq1_full_pipeline_hypersim_100_scenes_4000_samples_join_null_A-20260518-225144","depth-normals","layer_04","cka","0.2575522114952293","4000","depth","normals","0.004975124378109453","0.0019543980061760813","0.00034498848484093233","0.2555978134890532","740.8879563238306"
"rq1_full_pipeline_hypersim_100_scenes_4000_samples_join_null_A-20260518-225144","depth-normals","layer_05","cka","0.3426963982400711","4000","depth","normals","0.004975124378109453","0.002254179039175607","0.00038743418135345946","0.34044221920089546","878.7098185596257"
"rq1_full_pipeline_hypersim_100_scenes_4000_samples_join_null_A-20260518-225144","depth-normals","layer_06","cka","0.3686743537761583","4000","depth","normals","0.004975124378109453","0.002397093594751485","0.00032320684933023335","0.3662772601814068","1133.259585743391"
"rq1_full_pipeline_hypersim_100_scenes_4000_samples_join_null_A-20260518-225144","depth-normals","layer_07","cka","0.39015568405012574","4000","depth","normals","0.004975124378109453","0.0030149772276835468","0.00035358283618023764","0.38714070682244217","1094.9080871818635"
"rq1_full_pipeline_hypersim_100_scenes_4000_samples_join_null_A-20260518-225144","depth-normals","layer_08","cka","0.366922726575278","4000","depth","normals","0.004975124378109453","0.0037106338013433385","0.0003798096845102669","0.3632120927739347","956.3002408489573"
"rq1_full_pipeline_hypersim_100_scenes_4000_samples_join_null_A-20260518-225144","depth-normals","layer_09","cka","0.355532533652325","4000","depth","normals","0.004975124378109453","0.0043355851858181025","0.0003337233320947027","0.3511969484665069","1052.3595885913232"
"rq1_full_pipeline_hypersim_100_scenes_4000_samples_join_null_A-20260518-225144","depth-normals","layer_10","cka","0.35984791092350593","4000","depth","normals","0.004975124378109453","0.005229620349661868","0.0004052399793268508","0.3546182905738441","875.0821949080764"
"rq1_full_pipeline_hypersim_100_scenes_4000_samples_join_null_A-20260518-225144","depth-normals","layer_11","cka","0.33088843223073255","4000","depth","normals","0.004975124378109453","0.005284632511914601","0.0003684215219051112","0.325603799718818","883.7806163850516"
"rq1_full_pipeline_hypersim_100_scenes_4000_samples_join_null_A-20260518-225144","depth-normals","layer_00","pwcca","0.2875337867829567","4000","depth","normals","0.004975124378109453","0.1074181650171138","0.0016845622515616282","0.1801156217658429","106.92132130995547"
"rq1_full_pipeline_hypersim_100_scenes_4000_samples_join_null_A-20260518-225144","depth-normals","layer_01","pwcca","0.3569707601017279","4000","depth","normals","0.004975124378109453","0.10713805418119658","0.001695569176555136","0.2498327059205313","147.34444891721427"
"rq1_full_pipeline_hypersim_100_scenes_4000_samples_join_null_A-20260518-225144","depth-normals","layer_02","pwcca","0.38153002623659477","4000","depth","normals","0.004975124378109453","0.10727359889589025","0.0016359682953616536","0.27425642734070454","167.6416518084639"
"rq1_full_pipeline_hypersim_100_scenes_4000_samples_join_null_A-20260518-225144","depth-normals","layer_03","pwcca","0.3939429040478104","4000","depth","normals","0.004975124378109453","0.10725961917352853","0.0014798879321288405","0.28668328487428185","193.7195909570556"
"rq1_full_pipeline_hypersim_100_scenes_4000_samples_join_null_A-20260518-225144","depth-normals","layer_04","pwcca","0.4169195207844782","4000","depth","normals","0.004975124378109453","0.10729975445556023","0.0014840106099799058","0.30961976632891797","208.6371648873254"
"rq1_full_pipeline_hypersim_100_scenes_4000_samples_join_null_A-20260518-225144","depth-normals","layer_05","pwcca","0.4416185037653358","4000","depth","normals","0.004975124378109453","0.10746826623836668","0.0014765594671341162","0.3341502375269691","226.30327119538774"
"rq1_full_pipeline_hypersim_100_scenes_4000_samples_join_null_A-20260518-225144","depth-normals","layer_06","pwcca","0.46082924021168115","4000","depth","normals","0.004975124378109453","0.10754482038033908","0.001460824823488336","0.35328441983134207","241.83900365803365"
"rq1_full_pipeline_hypersim_100_scenes_4000_samples_join_null_A-20260518-225144","depth-normals","layer_07","pwcca","0.4601769389602982","4000","depth","normals","0.004975124378109453","0.10752617966633729","0.0014097328631454673","0.35265075929396095","250.1543154120056"
"rq1_full_pipeline_hypersim_100_scenes_4000_samples_join_null_A-20260518-225144","depth-normals","layer_08","pwcca","0.4515668114476791","4000","depth","normals","0.004975124378109453","0.10750368207652744","0.0014325868992288591","0.34406312937115163","240.16911613274968"
"rq1_full_pipeline_hypersim_100_scenes_4000_samples_join_null_A-20260518-225144","depth-normals","layer_09","pwcca","0.4443719687102171","4000","depth","normals","0.004975124378109453","0.10747990062432464","0.0013151588343194476","0.33689206808589245","256.16074598337264"
"rq1_full_pipeline_hypersim_100_scenes_4000_samples_join_null_A-20260518-225144","depth-normals","layer_10","pwcca","0.43028813060867643","4000","depth","normals","0.004975124378109453","0.10766029258615994","0.0012371273793953235","0.3226278380225165","260.7878892634393"
"rq1_full_pipeline_hypersim_100_scenes_4000_samples_join_null_A-20260518-225144","depth-normals","layer_11","pwcca","0.41503368379498773","4000","depth","normals","0.004975124378109453","0.10779529621137424","0.0013636899134971743","0.3072383875836135","225.2993034140016"
"rq1_full_pipeline_hypersim_100_scenes_4000_samples_join_null_A-20260518-225144","depth-normals","layer_00","knn_overlap","0.07055","4000","depth","normals","0.004975124378109453","0.002503375","0.00029991329476200285","0.068046625","226.88765782790193"
"rq1_full_pipeline_hypersim_100_scenes_4000_samples_join_null_A-20260518-225144","depth-normals","layer_01","knn_overlap","0.107375","4000","depth","normals","0.004975124378109453","0.00253125","0.0002833808170995348","0.10484375","369.97476072339305"
"rq1_full_pipeline_hypersim_100_scenes_4000_samples_join_null_A-20260518-225144","depth-normals","layer_02","knn_overlap","0.13779999999999998","4000","depth","normals","0.004975124378109453","0.0025811249999999997","0.00030307277900695734","0.135218875","446.1597489654322"
"rq1_full_pipeline_hypersim_100_scenes_4000_samples_join_null_A-20260518-225144","depth-normals","layer_03","knn_overlap","0.153325","4000","depth","normals","0.004975124378109453","0.002569125","0.0002791950203262945","0.15075587499999998","539.9662029208544"
"rq1_full_pipeline_hypersim_100_scenes_4000_samples_join_null_A-20260518-225144","depth-normals","layer_04","knn_overlap","0.173975","4000","depth","normals","0.004975124378109453","0.0025558749999999996","0.00030068648019989194","0.17141912499999998","570.0925591534514"
"rq1_full_pipeline_hypersim_100_scenes_4000_samples_join_null_A-20260518-225144","depth-normals","layer_05","knn_overlap","0.189775","4000","depth","normals","0.004975124378109453","0.0025572499999999996","0.0002956728555346263","0.18721775","633.1922139469948"
"rq1_full_pipeline_hypersim_100_scenes_4000_samples_join_null_A-20260518-225144","depth-normals","layer_06","knn_overlap","0.20422500000000002","4000","depth","normals","0.004975124378109453","0.00254525","0.00028952968327962506","0.20167975000000002","696.5771098682811"
"rq1_full_pipeline_hypersim_100_scenes_4000_samples_join_null_A-20260518-225144","depth-normals","layer_07","knn_overlap","0.22515000000000002","4000","depth","normals","0.004975124378109453","0.0025421249999999997","0.00025122919689996227","0.222607875","886.0748581250328"
"rq1_full_pipeline_hypersim_100_scenes_4000_samples_join_null_A-20260518-225144","depth-normals","layer_08","knn_overlap","0.2285","4000","depth","normals","0.004975124378109453","0.002583875","0.000300623284818392","0.225916125","751.4924372424347"
"rq1_full_pipeline_hypersim_100_scenes_4000_samples_join_null_A-20260518-225144","depth-normals","layer_09","knn_overlap","0.22617500000000001","4000","depth","normals","0.004975124378109453","0.0025795","0.00026754392162783294","0.2235955","835.7338063954695"
"rq1_full_pipeline_hypersim_100_scenes_4000_samples_join_null_A-20260518-225144","depth-normals","layer_10","knn_overlap","0.2232","4000","depth","normals","0.004975124378109453","0.0025626250000000002","0.0003013303575396943","0.220637375","732.210908988602"
"rq1_full_pipeline_hypersim_100_scenes_4000_samples_join_null_A-20260518-225144","depth-normals","layer_11","knn_overlap","0.206325","4000","depth","normals","0.004975124378109453","0.0025995000000000002","0.00030076942996255454","0.2037255","677.3477611250705"
"rq1_full_pipeline_hypersim_100_scenes_4000_samples_join_null_A-20260518-225144","depth_joint_with_normals-normals_joint_with_depth","layer_00","cka","0.13432663619292484","4000","depth_joint_with_normals","normals_joint_with_depth","0.004975124378109453","0.0010410312918284603","0.0003702394585503975","0.1332856049010964","359.9983789489941"
"rq1_full_pipeline_hypersim_100_scenes_4000_samples_join_null_A-20260518-225144","depth_joint_with_normals-normals_joint_with_depth","layer_01","cka","0.289884590066153","4000","depth_joint_with_normals","normals_joint_with_depth","0.004975124378109453","0.001220598619033833","0.0003738263091880778","0.2886639914471192","772.1874687580853"
"rq1_full_pipeline_hypersim_100_scenes_4000_samples_join_null_A-20260518-225144","depth_joint_with_normals-normals_joint_with_depth","layer_02","cka","0.30877702084467235","4000","depth_joint_with_normals","normals_joint_with_depth","0.004975124378109453","0.0014538141484579077","0.0003608152767597972","0.30732320669621443","851.7466595540143"
"rq1_full_pipeline_hypersim_100_scenes_4000_samples_join_null_A-20260518-225144","depth_joint_with_normals-normals_joint_with_depth","layer_03","cka","0.3513918936476854","4000","depth_joint_with_normals","normals_joint_with_depth","0.004975124378109453","0.0018498414182535792","0.0003813244707473523","0.34954205222943185","916.6525598117778"
"rq1_full_pipeline_hypersim_100_scenes_4000_samples_join_null_A-20260518-225144","depth_joint_with_normals-normals_joint_with_depth","layer_04","cka","0.38980453156914574","4000","depth_joint_with_normals","normals_joint_with_depth","0.004975124378109453","0.0020636777116011095","0.000353610102134348","0.38774085385754464","1096.5208615850836"
"rq1_full_pipeline_hypersim_100_scenes_4000_samples_join_null_A-20260518-225144","depth_joint_with_normals-normals_joint_with_depth","layer_05","cka","0.4457631776099469","4000","depth_joint_with_normals","normals_joint_with_depth","0.004975124378109453","0.0023142193432970633","0.000367068879559688","0.4434489582666498","1208.081052249873"
"rq1_full_pipeline_hypersim_100_scenes_4000_samples_join_null_A-20260518-225144","depth_joint_with_normals-normals_joint_with_depth","layer_06","cka","0.47381936398857405","4000","depth_joint_with_normals","normals_joint_with_depth","0.004975124378109453","0.002478732909743075","0.0003516069291420571","0.47134063107883095","1340.5328280330868"
"rq1_full_pipeline_hypersim_100_scenes_4000_samples_join_null_A-20260518-225144","depth_joint_with_normals-normals_joint_with_depth","layer_07","cka","0.517364969353714","4000","depth_joint_with_normals","normals_joint_with_depth","0.004975124378109453","0.0028993442379970256","0.00038468711800511315","0.514465625115717","1337.3611983255412"
"rq1_full_pipeline_hypersim_100_scenes_4000_samples_join_null_A-20260518-225144","depth_joint_with_normals-normals_joint_with_depth","layer_08","cka","0.5606974014576264","4000","depth_joint_with_normals","normals_joint_with_depth","0.004975124378109453","0.003572795600264006","0.0003875683425959462","0.5571246058573623","1437.48739158034"
"rq1_full_pipeline_hypersim_100_scenes_4000_samples_join_null_A-20260518-225144","depth_joint_with_normals-normals_joint_with_depth","layer_09","cka","0.6152811848820274","4000","depth_joint_with_normals","normals_joint_with_depth","0.004975124378109453","0.004105805978794192","0.0003774987503784002","0.6111753789032333","1619.0129855810078"
"rq1_full_pipeline_hypersim_100_scenes_4000_samples_join_null_A-20260518-225144","depth_joint_with_normals-normals_joint_with_depth","layer_10","cka","0.6085780200558348","4000","depth_joint_with_normals","normals_joint_with_depth","0.004975124378109453","0.004542661441558365","0.0003514975861722241","0.6040353586142765","1718.4623234320475"
"rq1_full_pipeline_hypersim_100_scenes_4000_samples_join_null_A-20260518-225144","depth_joint_with_normals-normals_joint_with_depth","layer_11","cka","0.46522386327422766","4000","depth_joint_with_normals","normals_joint_with_depth","0.004975124378109453","0.004441983353913195","0.0003615689617173522","0.46078187992031444","1274.3955613107066"
"rq1_full_pipeline_hypersim_100_scenes_4000_samples_join_null_A-20260518-225144","depth_joint_with_normals-normals_joint_with_depth","layer_00","pwcca","0.6657354988595564","4000","depth_joint_with_normals","normals_joint_with_depth","0.004975124378109453","0.10735637103924113","0.001649340262527977","0.5583791278203153","338.5469575359037"
"rq1_full_pipeline_hypersim_100_scenes_4000_samples_join_null_A-20260518-225144","depth_joint_with_normals-normals_joint_with_depth","layer_01","pwcca","0.7599633022034835","4000","depth_joint_with_normals","normals_joint_with_depth","0.004975124378109453","0.10738273067166748","0.0016887986274695017","0.652580571531816","386.41704281205136"
"rq1_full_pipeline_hypersim_100_scenes_4000_samples_join_null_A-20260518-225144","depth_joint_with_normals-normals_joint_with_depth","layer_02","pwcca","0.7086583538682399","4000","depth_joint_with_normals","normals_joint_with_depth","0.004975124378109453","0.1075077859625854","0.0016377920985883262","0.6011505679056546","367.0493760617166"
"rq1_full_pipeline_hypersim_100_scenes_4000_samples_join_null_A-20260518-225144","depth_joint_with_normals-normals_joint_with_depth","layer_03","pwcca","0.7484208153888565","4000","depth_joint_with_normals","normals_joint_with_depth","0.004975124378109453","0.10747459427852674","0.0015395397377715842","0.6409462211103298","416.3232720696584"
"rq1_full_pipeline_hypersim_100_scenes_4000_samples_join_null_A-20260518-225144","depth_joint_with_normals-normals_joint_with_depth","layer_04","pwcca","0.7404373473616698","4000","depth_joint_with_normals","normals_joint_with_depth","0.004975124378109453","0.10755252872920641","0.0016996984373008302","0.6328848186324634","372.351238751212"
"rq1_full_pipeline_hypersim_100_scenes_4000_samples_join_null_A-20260518-225144","depth_joint_with_normals-normals_joint_with_depth","layer_05","pwcca","0.7473647098992011","4000","depth_joint_with_normals","normals_joint_with_depth","0.004975124378109453","0.10744918243099551","0.0015131255049438508","0.6399155274682056","422.90974897812697"
"rq1_full_pipeline_hypersim_100_scenes_4000_samples_join_null_A-20260518-225144","depth_joint_with_normals-normals_joint_with_depth","layer_06","pwcca","0.7555414013247315","4000","depth_joint_with_normals","normals_joint_with_depth","0.004975124378109453","0.1074020049255004","0.0013817139926971022","0.648139396399231","469.083616309092"
"rq1_full_pipeline_hypersim_100_scenes_4000_samples_join_null_A-20260518-225144","depth_joint_with_normals-normals_joint_with_depth","layer_07","pwcca","0.7773556533210038","4000","depth_joint_with_normals","normals_joint_with_depth","0.004975124378109453","0.1076857360512632","0.0014221393991259571","0.6696699172697406","470.88908280110786"
"rq1_full_pipeline_hypersim_100_scenes_4000_samples_join_null_A-20260518-225144","depth_joint_with_normals-normals_joint_with_depth","layer_08","pwcca","0.7672490603978717","4000","depth_joint_with_normals","normals_joint_with_depth","0.004975124378109453","0.10751645056059608","0.0014241905750391481","0.6597326098372756","463.2333771898054"
"rq1_full_pipeline_hypersim_100_scenes_4000_samples_join_null_A-20260518-225144","depth_joint_with_normals-normals_joint_with_depth","layer_09","pwcca","0.7818519741255885","4000","depth_joint_with_normals","normals_joint_with_depth","0.004975124378109453","0.10752870222377792","0.0012729585347693252","0.6743232719018106","529.7291730119126"
"rq1_full_pipeline_hypersim_100_scenes_4000_samples_join_null_A-20260518-225144","depth_joint_with_normals-normals_joint_with_depth","layer_10","pwcca","0.766511936533708","4000","depth_joint_with_normals","normals_joint_with_depth","0.004975124378109453","0.10767479835053587","0.0013409190405175248","0.6588371381831721","491.3325251380541"
"rq1_full_pipeline_hypersim_100_scenes_4000_samples_join_null_A-20260518-225144","depth_joint_with_normals-normals_joint_with_depth","layer_11","pwcca","0.6988170165231904","4000","depth_joint_with_normals","normals_joint_with_depth","0.004975124378109453","0.10754943472413288","0.001253348926663324","0.5912675817990575","471.7501800341705"
"rq1_full_pipeline_hypersim_100_scenes_4000_samples_join_null_A-20260518-225144","depth_joint_with_normals-normals_joint_with_depth","layer_00","knn_overlap","0.08562499999999999","4000","depth_joint_with_normals","normals_joint_with_depth","0.004975124378109453","0.0024998750000000004","0.00029104872336947296","0.083125125","285.6055303650189"
"rq1_full_pipeline_hypersim_100_scenes_4000_samples_join_null_A-20260518-225144","depth_joint_with_normals-normals_joint_with_depth","layer_01","knn_overlap","0.18280000000000002","4000","depth_joint_with_normals","normals_joint_with_depth","0.004975124378109453","0.002562375","0.00028938509701606957","0.180237625","622.8296718057717"
"rq1_full_pipeline_hypersim_100_scenes_4000_samples_join_null_A-20260518-225144","depth_joint_with_normals-normals_joint_with_depth","layer_02","knn_overlap","0.207775","4000","depth_joint_with_normals","normals_joint_with_depth","0.004975124378109453","0.00258575","0.00028537814825245467","0.20518925","719.0082746576763"
"rq1_full_pipeline_hypersim_100_scenes_4000_samples_join_null_A-20260518-225144","depth_joint_with_normals-normals_joint_with_depth","layer_03","knn_overlap","0.26","4000","depth_joint_with_normals","normals_joint_with_depth","0.004975124378109453","0.0025540000000000003","0.00028089633319073427","0.257446","916.5160579906502"
"rq1_full_pipeline_hypersim_100_scenes_4000_samples_join_null_A-20260518-225144","depth_joint_with_normals-normals_joint_with_depth","layer_04","knn_overlap","0.27685","4000","depth_joint_with_normals","normals_joint_with_depth","0.004975124378109453","0.002557125","0.0002934000841427964","0.274292875","934.8766064651263"
"rq1_full_pipeline_hypersim_100_scenes_4000_samples_join_null_A-20260518-225144","depth_joint_with_normals-normals_joint_with_depth","layer_05","knn_overlap","0.290125","4000","depth_joint_with_normals","normals_joint_with_depth","0.004975124378109453","0.0025570000000000002","0.0003044375962327912","0.28756800000000005","944.5876710316303"
"rq1_full_pipeline_hypersim_100_scenes_4000_samples_join_null_A-20260518-225144","depth_joint_with_normals-normals_joint_with_depth","layer_06","knn_overlap","0.31195","4000","depth_joint_with_normals","normals_joint_with_depth","0.004975124378109453","0.00257275","0.0003018400859726885","0.30937725","1024.9707191906693"
"rq1_full_pipeline_hypersim_100_scenes_4000_samples_join_null_A-20260518-225144","depth_joint_with_normals-normals_joint_with_depth","layer_07","knn_overlap","0.3585","4000","depth_joint_with_normals","normals_joint_with_depth","0.004975124378109453","0.0025927500000000004","0.0002788322748535399","0.35590725","1276.4205656857503"
"rq1_full_pipeline_hypersim_100_scenes_4000_samples_join_null_A-20260518-225144","depth_joint_with_normals-normals_joint_with_depth","layer_08","knn_overlap","0.37829999999999997","4000","depth_joint_with_normals","normals_joint_with_depth","0.004975124378109453","0.00262625","0.0002961919774403081","0.37567375","1268.345460422573"
"rq1_full_pipeline_hypersim_100_scenes_4000_samples_join_null_A-20260518-225144","depth_joint_with_normals-normals_joint_with_depth","layer_09","knn_overlap","0.41150000000000003","4000","depth_joint_with_normals","normals_joint_with_depth","0.004975124378109453","0.0026150000000000006","0.0002881405906844782","0.40888500000000005","1419.0468584405044"
"rq1_full_pipeline_hypersim_100_scenes_4000_samples_join_null_A-20260518-225144","depth_joint_with_normals-normals_joint_with_depth","layer_10","knn_overlap","0.41425","4000","depth_joint_with_normals","normals_joint_with_depth","0.004975124378109453","0.00261575","0.0002962822767227227","0.41163425","1389.3313314357647"
"rq1_full_pipeline_hypersim_100_scenes_4000_samples_join_null_A-20260518-225144","depth_joint_with_normals-normals_joint_with_depth","layer_11","knn_overlap","0.32315","4000","depth_joint_with_normals","normals_joint_with_depth","0.004975124378109453","0.0025886249999999998","0.00031373553253496804","0.320561375","1021.7566764270514"
"rq1_full_pipeline_hypersim_100_scenes_4000_samples_join_null_A-20260518-225144","normals-normals_joint_with_depth","layer_00","cka","0.9941576734142965","4000","normals","normals_joint_with_depth","0.004975124378109453","0.0011632980207838164","0.0003506045416674273","0.9929943753935127","2832.234775599218"
"rq1_full_pipeline_hypersim_100_scenes_4000_samples_join_null_A-20260518-225144","normals-normals_joint_with_depth","layer_01","cka","0.9846051944756281","4000","normals","normals_joint_with_depth","0.004975124378109453","0.0012141804338292208","0.0003208448863129101","0.9833910140417988","3065.0044803354854"
"rq1_full_pipeline_hypersim_100_scenes_4000_samples_join_null_A-20260518-225144","normals-normals_joint_with_depth","layer_02","cka","0.981059574335182","4000","normals","normals_joint_with_depth","0.004975124378109453","0.001475704047458563","0.00039000488756926","0.9795838702877234","2511.7220360828464"
"rq1_full_pipeline_hypersim_100_scenes_4000_samples_join_null_A-20260518-225144","normals-normals_joint_with_depth","layer_03","cka","0.9832190825390267","4000","normals","normals_joint_with_depth","0.004975124378109453","0.001749657254532737","0.00038366763080667537","0.981469425284494","2558.124132653355"
"rq1_full_pipeline_hypersim_100_scenes_4000_samples_join_null_A-20260518-225144","normals-normals_joint_with_depth","layer_04","cka","0.9815418519765109","4000","normals","normals_joint_with_depth","0.004975124378109453","0.0018933231413134938","0.00039552520071161267","0.9796485288351974","2476.8296105346867"
"rq1_full_pipeline_hypersim_100_scenes_4000_samples_join_null_A-20260518-225144","normals-normals_joint_with_depth","layer_05","cka","0.9711215643492379","4000","normals","normals_joint_with_depth","0.004975124378109453","0.002152400675554363","0.00034776632914765244","0.9689691636736836","2786.265036205632"
"rq1_full_pipeline_hypersim_100_scenes_4000_samples_join_null_A-20260518-225144","normals-normals_joint_with_depth","layer_06","cka","0.9713169408127611","4000","normals","normals_joint_with_depth","0.004975124378109453","0.002329375964957337","0.0003595154561888325","0.9689875648478038","2695.259823096037"
"rq1_full_pipeline_hypersim_100_scenes_4000_samples_join_null_A-20260518-225144","normals-normals_joint_with_depth","layer_07","cka","0.9574037914268019","4000","normals","normals_joint_with_depth","0.004975124378109453","0.002951856597003894","0.0003999034963778614","0.954451934829798","2386.7056514253477"
"rq1_full_pipeline_hypersim_100_scenes_4000_samples_join_null_A-20260518-225144","normals-normals_joint_with_depth","layer_08","cka","0.9026934797639851","4000","normals","normals_joint_with_depth","0.004975124378109453","0.003554433797671587","0.000369285978007268","0.8991390459663134","2434.804188391408"
"rq1_full_pipeline_hypersim_100_scenes_4000_samples_join_null_A-20260518-225144","normals-normals_joint_with_depth","layer_09","cka","0.8467202755497188","4000","normals","normals_joint_with_depth","0.004975124378109453","0.003957251288231108","0.00040418504757018303","0.8427630242614877","2085.0920372435344"
"rq1_full_pipeline_hypersim_100_scenes_4000_samples_join_null_A-20260518-225144","normals-normals_joint_with_depth","layer_10","cka","0.8410577959269891","4000","normals","normals_joint_with_depth","0.004975124378109453","0.004239165835940051","0.0003520299220958021","0.8368186300910491","2377.123584009758"
"rq1_full_pipeline_hypersim_100_scenes_4000_samples_join_null_A-20260518-225144","normals-normals_joint_with_depth","layer_11","cka","0.8434342333547271","4000","normals","normals_joint_with_depth","0.004975124378109453","0.004093639729784575","0.0003388292910354964","0.8393405936249425","2477.1783781143395"
"rq1_full_pipeline_hypersim_100_scenes_4000_samples_join_null_A-20260518-225144","normals-normals_joint_with_depth","layer_00","pwcca","0.8438054573126337","4000","normals","normals_joint_with_depth","0.004975124378109453","0.10711805099796592","0.0018905452300124678","0.7366874063146678","389.66928408785515"
"rq1_full_pipeline_hypersim_100_scenes_4000_samples_join_null_A-20260518-225144","normals-normals_joint_with_depth","layer_01","pwcca","0.805739307019672","4000","normals","normals_joint_with_depth","0.004975124378109453","0.10727248766569403","0.0018817467977369866","0.698466819353978","371.18002283514625"
"rq1_full_pipeline_hypersim_100_scenes_4000_samples_join_null_A-20260518-225144","normals-normals_joint_with_depth","layer_02","pwcca","0.797432444256378","4000","normals","normals_joint_with_depth","0.004975124378109453","0.10734369539753448","0.0018417449326224196","0.6900887488588435","374.69289945391165"
"rq1_full_pipeline_hypersim_100_scenes_4000_samples_join_null_A-20260518-225144","normals-normals_joint_with_depth","layer_03","pwcca","0.7596435170964118","4000","normals","normals_joint_with_depth","0.004975124378109453","0.10747357906922975","0.001651906101258541","0.652169938027182","394.79843166043884"
"rq1_full_pipeline_hypersim_100_scenes_4000_samples_join_null_A-20260518-225144","normals-normals_joint_with_depth","layer_04","pwcca","0.7826234680398303","4000","normals","normals_joint_with_depth","0.004975124378109453","0.10724092030025043","0.0014910921672326848","0.6753825477395798","452.944869929148"
"rq1_full_pipeline_hypersim_100_scenes_4000_samples_join_null_A-20260518-225144","normals-normals_joint_with_depth","layer_05","pwcca","0.7980852713317517","4000","normals","normals_joint_with_depth","0.004975124378109453","0.10724961302056489","0.0015303723262179152","0.6908356583111868","451.4167215885843"
"rq1_full_pipeline_hypersim_100_scenes_4000_samples_join_null_A-20260518-225144","normals-normals_joint_with_depth","layer_06","pwcca","0.7929188161709647","4000","normals","normals_joint_with_depth","0.004975124378109453","0.10750964251268703","0.0014671871584300002","0.6854091736582777","467.1586509738244"
"rq1_full_pipeline_hypersim_100_scenes_4000_samples_join_null_A-20260518-225144","normals-normals_joint_with_depth","layer_07","pwcca","0.7714263248156403","4000","normals","normals_joint_with_depth","0.004975124378109453","0.10721434676976348","0.0014620781494705801","0.6642119780458768","454.29307474869836"
"rq1_full_pipeline_hypersim_100_scenes_4000_samples_join_null_A-20260518-225144","normals-normals_joint_with_depth","layer_08","pwcca","0.7457109397445156","4000","normals","normals_joint_with_depth","0.004975124378109453","0.10736039914399167","0.0012945779446820473","0.638350540600524","493.09548584755555"
"rq1_full_pipeline_hypersim_100_scenes_4000_samples_join_null_A-20260518-225144","normals-normals_joint_with_depth","layer_09","pwcca","0.710286488757078","4000","normals","normals_joint_with_depth","0.004975124378109453","0.10727660271752824","0.001345435596389896","0.6030098860395497","448.18933560072276"
"rq1_full_pipeline_hypersim_100_scenes_4000_samples_join_null_A-20260518-225144","normals-normals_joint_with_depth","layer_10","pwcca","0.6878447110947795","4000","normals","normals_joint_with_depth","0.004975124378109453","0.10754485067476048","0.0013757324028368172","0.580299860420019","421.8115813972373"
"rq1_full_pipeline_hypersim_100_scenes_4000_samples_join_null_A-20260518-225144","normals-normals_joint_with_depth","layer_11","pwcca","0.6534774070700924","4000","normals","normals_joint_with_depth","0.004975124378109453","0.1074699460115135","0.0013818282440317107","0.5460074610585789","395.1341010844535"
"rq1_full_pipeline_hypersim_100_scenes_4000_samples_join_null_A-20260518-225144","normals-normals_joint_with_depth","layer_00","knn_overlap","0.5846750000000001","4000","normals","normals_joint_with_depth","0.004975124378109453","0.0025117500000000005","0.0002764044816930435","0.58216325","2106.2004727061985"
"rq1_full_pipeline_hypersim_100_scenes_4000_samples_join_null_A-20260518-225144","normals-normals_joint_with_depth","layer_01","knn_overlap","0.574125","4000","normals","normals_joint_with_depth","0.004975124378109453","0.00255225","0.00031094804630355855","0.57157275","1838.1615732745602"
"rq1_full_pipeline_hypersim_100_scenes_4000_samples_join_null_A-20260518-225144","normals-normals_joint_with_depth","layer_02","knn_overlap","0.56425","4000","normals","normals_joint_with_depth","0.004975124378109453","0.0025151250000000004","0.0002790261804472835","0.5617348750000001","2013.197736855839"
"rq1_full_pipeline_hypersim_100_scenes_4000_samples_join_null_A-20260518-225144","normals-normals_joint_with_depth","layer_03","knn_overlap","0.5371","4000","normals","normals_joint_with_depth","0.004975124378109453","0.002549625","0.00028595757443194265","0.534550375","1869.3345544767935"
"rq1_full_pipeline_hypersim_100_scenes_4000_samples_join_null_A-20260518-225144","normals-normals_joint_with_depth","layer_04","knn_overlap","0.57555","4000","normals","normals_joint_with_depth","0.004975124378109453","0.002527375","0.00024850298665207227","0.573022625","2305.8983423900895"
"rq1_full_pipeline_hypersim_100_scenes_4000_samples_join_null_A-20260518-225144","normals-normals_joint_with_depth","layer_05","knn_overlap","0.5709","4000","normals","normals_joint_with_depth","0.004975124378109453","0.0025566250000000003","0.00027874133955156345","0.568343375","2038.9633482939619"
"rq1_full_pipeline_hypersim_100_scenes_4000_samples_join_null_A-20260518-225144","normals-normals_joint_with_depth","layer_06","knn_overlap","0.558","4000","normals","normals_joint_with_depth","0.004975124378109453","0.00259775","0.0002698980131457066","0.5554022500000001","2057.822669854786"
"rq1_full_pipeline_hypersim_100_scenes_4000_samples_join_null_A-20260518-225144","normals-normals_joint_with_depth","layer_07","knn_overlap","0.516825","4000","normals","normals_joint_with_depth","0.004975124378109453","0.002542625","0.0002884094041029176","0.514282375","1783.1678429475921"
"rq1_full_pipeline_hypersim_100_scenes_4000_samples_join_null_A-20260518-225144","normals-normals_joint_with_depth","layer_08","knn_overlap","0.442075","4000","normals","normals_joint_with_depth","0.004975124378109453","0.002523875","0.00029204342035902815","0.439551125","1505.0882655039136"
"rq1_full_pipeline_hypersim_100_scenes_4000_samples_join_null_A-20260518-225144","normals-normals_joint_with_depth","layer_09","knn_overlap","0.389575","4000","normals","normals_joint_with_depth","0.004975124378109453","0.0025518750000000003","0.00029315031873596866","0.387023125","1320.2207204440383"
"rq1_full_pipeline_hypersim_100_scenes_4000_samples_join_null_A-20260518-225144","normals-normals_joint_with_depth","layer_10","knn_overlap","0.3749","4000","normals","normals_joint_with_depth","0.004975124378109453","0.0025676249999999996","0.0002735164243240248","0.372332375","1361.2797692869499"
"rq1_full_pipeline_hypersim_100_scenes_4000_samples_join_null_A-20260518-225144","normals-normals_joint_with_depth","layer_11","knn_overlap","0.33642500000000003","4000","normals","normals_joint_with_depth","0.004975124378109453","0.0025645","0.00026020857018937716","0.3338605","1283.0495927056504"
"rq1_full_pipeline_hypersim_100_scenes_4000_samples_join_null_A-20260518-225144","normals-normals_joint_with_rgb","layer_00","cka","0.9126840813582163","4000","normals","normals_joint_with_rgb","0.004975124378109453","0.001494591316156726","0.0003465574165063792","0.9111894900420596","2629.2598185538677"
"rq1_full_pipeline_hypersim_100_scenes_4000_samples_join_null_A-20260518-225144","normals-normals_joint_with_rgb","layer_01","cka","0.9563684958801286","4000","normals","normals_joint_with_rgb","0.004975124378109453","0.0013556794225351293","0.0002992318216628071","0.9550128164575935","3191.5483157862836"
"rq1_full_pipeline_hypersim_100_scenes_4000_samples_join_null_A-20260518-225144","normals-normals_joint_with_rgb","layer_02","cka","0.961941477631328","4000","normals","normals_joint_with_rgb","0.004975124378109453","0.001549715382289044","0.000337821654491702","0.9603917622490389","2842.895798654699"
"rq1_full_pipeline_hypersim_100_scenes_4000_samples_join_null_A-20260518-225144","normals-normals_joint_with_rgb","layer_03","cka","0.9386453961150892","4000","normals","normals_joint_with_rgb","0.004975124378109453","0.001969426752179391","0.00038969323636870416","0.9366759693629099","2403.623881418059"
"rq1_full_pipeline_hypersim_100_scenes_4000_samples_join_null_A-20260518-225144","normals-normals_joint_with_rgb","layer_04","cka","0.9240802522388634","4000","normals","normals_joint_with_rgb","0.004975124378109453","0.002182153385743456","0.0003385505433845285","0.9218980988531199","2723.073753291899"
"rq1_full_pipeline_hypersim_100_scenes_4000_samples_join_null_A-20260518-225144","normals-normals_joint_with_rgb","layer_05","cka","0.9145202493297894","4000","normals","normals_joint_with_rgb","0.004975124378109453","0.0024974664193166745","0.0003642946538314448","0.9120227829104727","2503.5305166253024"
"rq1_full_pipeline_hypersim_100_scenes_4000_samples_join_null_A-20260518-225144","normals-normals_joint_with_rgb","layer_06","cka","0.8849590413955936","4000","normals","normals_joint_with_rgb","0.004975124378109453","0.0027762679004077746","0.0003387551232284541","0.8821827734951858","2604.1902040851137"
"rq1_full_pipeline_hypersim_100_scenes_4000_samples_join_null_A-20260518-225144","normals-normals_joint_with_rgb","layer_07","cka","0.8428460162651457","4000","normals","normals_joint_with_rgb","0.004975124378109453","0.0034147294469287727","0.00034192502065692184","0.8394312868182169","2455.0156791844697"
"rq1_full_pipeline_hypersim_100_scenes_4000_samples_join_null_A-20260518-225144","normals-normals_joint_with_rgb","layer_08","cka","0.7675096219933051","4000","normals","normals_joint_with_rgb","0.004975124378109453","0.00408129138639497","0.0003857641792269297","0.7634283306069101","1979.0026438867865"
"rq1_full_pipeline_hypersim_100_scenes_4000_samples_join_null_A-20260518-225144","normals-normals_joint_with_rgb","layer_09","cka","0.6953946550698828","4000","normals","normals_joint_with_rgb","0.004975124378109453","0.0043633667749843445","0.0003271516166156303","0.6910312882948985","2112.266157947156"
"rq1_full_pipeline_hypersim_100_scenes_4000_samples_join_null_A-20260518-225144","normals-normals_joint_with_rgb","layer_10","cka","0.7119984452546756","4000","normals","normals_joint_with_rgb","0.004975124378109453","0.004635536902640637","0.00038255547962755417","0.707362908352035","1849.04659852397"
"rq1_full_pipeline_hypersim_100_scenes_4000_samples_join_null_A-20260518-225144","normals-normals_joint_with_rgb","layer_11","cka","0.7510802145697438","4000","normals","normals_joint_with_rgb","0.004975124378109453","0.0042900053280106","0.0004001992275387652","0.7467902092417332","1866.0461036731901"
"rq1_full_pipeline_hypersim_100_scenes_4000_samples_join_null_A-20260518-225144","normals-normals_joint_with_rgb","layer_00","pwcca","0.5504181561558587","4000","normals","normals_joint_with_rgb","0.004975124378109453","0.10737565759920291","0.0016231708392432322","0.44304249855665573","272.94877892410545"
"rq1_full_pipeline_hypersim_100_scenes_4000_samples_join_null_A-20260518-225144","normals-normals_joint_with_rgb","layer_01","pwcca","0.6828920511996047","4000","normals","normals_joint_with_rgb","0.004975124378109453","0.10716785141509515","0.0016833098016451494","0.5757241997845096","342.0191572708939"
"rq1_full_pipeline_hypersim_100_scenes_4000_samples_join_null_A-20260518-225144","normals-normals_joint_with_rgb","layer_02","pwcca","0.7313059618684106","4000","normals","normals_joint_with_rgb","0.004975124378109453","0.10722799793059551","0.0014940512736425255","0.6240779639378151","417.7085317937591"
"rq1_full_pipeline_hypersim_100_scenes_4000_samples_join_null_A-20260518-225144","normals-normals_joint_with_rgb","layer_03","pwcca","0.6803153291248466","4000","normals","normals_joint_with_rgb","0.004975124378109453","0.10760406571176155","0.0014807134365574144","0.5727112634130851","386.7806216067104"
"rq1_full_pipeline_hypersim_100_scenes_4000_samples_join_null_A-20260518-225144","normals-normals_joint_with_rgb","layer_04","pwcca","0.7000402854990312","4000","normals","normals_joint_with_rgb","0.004975124378109453","0.10738540316763505","0.0014646907853943815","0.5926548823313962","404.6279858119121"
"rq1_full_pipeline_hypersim_100_scenes_4000_samples_join_null_A-20260518-225144","normals-normals_joint_with_rgb","layer_05","pwcca","0.6893930806010793","4000","normals","normals_joint_with_rgb","0.004975124378109453","0.10729687005513817","0.0014357913214226045","0.5820962105459411","405.4183932308429"
"rq1_full_pipeline_hypersim_100_scenes_4000_samples_join_null_A-20260518-225144","normals-normals_joint_with_rgb","layer_06","pwcca","0.6575013361169982","4000","normals","normals_joint_with_rgb","0.004975124378109453","0.10756595292456758","0.0014403200384459343","0.5499353831924306","381.8147137533376"
"rq1_full_pipeline_hypersim_100_scenes_4000_samples_join_null_A-20260518-225144","normals-normals_joint_with_rgb","layer_07","pwcca","0.6102136993639424","4000","normals","normals_joint_with_rgb","0.004975124378109453","0.10757638625338639","0.0013017095791172256","0.502637313110556","386.1362942811155"
"rq1_full_pipeline_hypersim_100_scenes_4000_samples_join_null_A-20260518-225144","normals-normals_joint_with_rgb","layer_08","pwcca","0.5832554629009928","4000","normals","normals_joint_with_rgb","0.004975124378109453","0.107587495285268","0.001331963816532101","0.47566796761572483","357.11778481653744"
"rq1_full_pipeline_hypersim_100_scenes_4000_samples_join_null_A-20260518-225144","normals-normals_joint_with_rgb","layer_09","pwcca","0.566331761665528","4000","normals","normals_joint_with_rgb","0.004975124378109453","0.10753367432198352","0.001308479937430159","0.4587980873435445","350.6344073143522"
"rq1_full_pipeline_hypersim_100_scenes_4000_samples_join_null_A-20260518-225144","normals-normals_joint_with_rgb","layer_10","pwcca","0.549020906104839","4000","normals","normals_joint_with_rgb","0.004975124378109453","0.10760470820046264","0.001395041841628907","0.44141619790437636","316.41789137231973"
"rq1_full_pipeline_hypersim_100_scenes_4000_samples_join_null_A-20260518-225144","normals-normals_joint_with_rgb","layer_11","pwcca","0.5404392970806118","4000","normals","normals_joint_with_rgb","0.004975124378109453","0.10766360327473055","0.0013737724095238802","0.4327756938058812","315.0272132455127"
"rq1_full_pipeline_hypersim_100_scenes_4000_samples_join_null_A-20260518-225144","normals-normals_joint_with_rgb","layer_00","knn_overlap","0.25325000000000003","4000","normals","normals_joint_with_rgb","0.004975124378109453","0.002554375","0.0003030618490918974","0.25069562500000003","827.2094483393112"
"rq1_full_pipeline_hypersim_100_scenes_4000_samples_join_null_A-20260518-225144","normals-normals_joint_with_rgb","layer_01","knn_overlap","0.363275","4000","normals","normals_joint_with_rgb","0.004975124378109453","0.0025572499999999996","0.00027335405155219487","0.36071775","1319.5990619188744"
"rq1_full_pipeline_hypersim_100_scenes_4000_samples_join_null_A-20260518-225144","normals-normals_joint_with_rgb","layer_02","knn_overlap","0.41719999999999996","4000","normals","normals_joint_with_rgb","0.004975124378109453","0.00257625","0.00027890130422785766","0.41462374999999996","1486.6325245336943"
"rq1_full_pipeline_hypersim_100_scenes_4000_samples_join_null_A-20260518-225144","normals-normals_joint_with_rgb","layer_03","knn_overlap","0.37985","4000","normals","normals_joint_with_rgb","0.004975124378109453","0.002539","0.0003131257734521386","0.377311","1204.9822531062655"
"rq1_full_pipeline_hypersim_100_scenes_4000_samples_join_null_A-20260518-225144","normals-normals_joint_with_rgb","layer_04","knn_overlap","0.39427500000000004","4000","normals","normals_joint_with_rgb","0.004975124378109453","0.0025492500000000003","0.0002989869353333018","0.39172575000000004","1310.1768127872067"
"rq1_full_pipeline_hypersim_100_scenes_4000_samples_join_null_A-20260518-225144","normals-normals_joint_with_rgb","layer_05","knn_overlap","0.38217500000000004","4000","normals","normals_joint_with_rgb","0.004975124378109453","0.002537","0.00030202400566842365","0.37963800000000003","1256.979554190751"
"rq1_full_pipeline_hypersim_100_scenes_4000_samples_join_null_A-20260518-225144","normals-normals_joint_with_rgb","layer_06","knn_overlap","0.350175","4000","normals","normals_joint_with_rgb","0.004975124378109453","0.0025940000000000004","0.000294970761262875","0.34758100000000003","1178.3574701162986"
"rq1_full_pipeline_hypersim_100_scenes_4000_samples_join_null_A-20260518-225144","normals-normals_joint_with_rgb","layer_07","knn_overlap","0.337125","4000","normals","normals_joint_with_rgb","0.004975124378109453","0.002565375","0.00027141616454257105","0.334559625","1232.644435764713"
"rq1_full_pipeline_hypersim_100_scenes_4000_samples_join_null_A-20260518-225144","normals-normals_joint_with_rgb","layer_08","knn_overlap","0.311875","4000","normals","normals_joint_with_rgb","0.004975124378109453","0.0026285","0.0002720413571499745","0.30924650000000004","1136.7628188588787"
"rq1_full_pipeline_hypersim_100_scenes_4000_samples_join_null_A-20260518-225144","normals-normals_joint_with_rgb","layer_09","knn_overlap","0.2978","4000","normals","normals_joint_with_rgb","0.004975124378109453","0.0025897499999999996","0.00030970944044378114","0.29521025","953.1845383111173"
"rq1_full_pipeline_hypersim_100_scenes_4000_samples_join_null_A-20260518-225144","normals-normals_joint_with_rgb","layer_10","knn_overlap","0.2962","4000","normals","normals_joint_with_rgb","0.004975124378109453","0.002587","0.0002982234900204878","0.293613","984.5401513469947"
"rq1_full_pipeline_hypersim_100_scenes_4000_samples_join_null_A-20260518-225144","normals-normals_joint_with_rgb","layer_11","knn_overlap","0.2883","4000","normals","normals_joint_with_rgb","0.004975124378109453","0.0025705","0.0002646077285341455","0.2857295","1079.8229574882919"
"rq1_full_pipeline_hypersim_100_scenes_4000_samples_join_null_A-20260518-225144","rgb-depth","layer_00","cka","0.06137204558498682","4000","rgb","depth","0.004975124378109453","0.0005667327997885365","0.0003376409583238447","0.06080531278519829","180.08867492574026"
"rq1_full_pipeline_hypersim_100_scenes_4000_samples_join_null_A-20260518-225144","rgb-depth","layer_01","cka","0.06771818729285374","4000","rgb","depth","0.004975124378109453","0.0006077267879360382","0.00031371788946232316","0.0671104605049177","213.91977556631346"
"rq1_full_pipeline_hypersim_100_scenes_4000_samples_join_null_A-20260518-225144","rgb-depth","layer_02","cka","0.07411915638941606","4000","rgb","depth","0.004975124378109453","0.0008042953340710346","0.00033684909565874195","0.07331486105534503","217.64897694610258"
"rq1_full_pipeline_hypersim_100_scenes_4000_samples_join_null_A-20260518-225144","rgb-depth","layer_03","cka","0.08477137581776564","4000","rgb","depth","0.004975124378109453","0.0009424192356749111","0.00032611103207585247","0.08382895658209073","257.0564879344295"
"rq1_full_pipeline_hypersim_100_scenes_4000_samples_join_null_A-20260518-225144","rgb-depth","layer_04","cka","0.09673580553369661","4000","rgb","depth","0.004975124378109453","0.0010574401952610879","0.00031392229758068493","0.09567836533843552","304.78359159512735"
"rq1_full_pipeline_hypersim_100_scenes_4000_samples_join_null_A-20260518-225144","rgb-depth","layer_05","cka","0.1153059589032588","4000","rgb","depth","0.004975124378109453","0.0013910698437985347","0.0003394234856552202","0.11391488905946026","335.61286673949485"
"rq1_full_pipeline_hypersim_100_scenes_4000_samples_join_null_A-20260518-225144","rgb-depth","layer_06","cka","0.13979230245690386","4000","rgb","depth","0.004975124378109453","0.001618417367643698","0.0003338812484178905","0.13817388508926015","413.84140542184554"
"rq1_full_pipeline_hypersim_100_scenes_4000_samples_join_null_A-20260518-225144","rgb-depth","layer_07","cka","0.17123211214997008","4000","rgb","depth","0.004975124378109453","0.002148681177984897","0.0004085892340259086","0.1690834309719852","413.82253101965875"
"rq1_full_pipeline_hypersim_100_scenes_4000_samples_join_null_A-20260518-225144","rgb-depth","layer_08","cka","0.20922888338011034","4000","rgb","depth","0.004975124378109453","0.0028508815273307884","0.0003839061483206734","0.20637800185277955","537.5740991790365"
"rq1_full_pipeline_hypersim_100_scenes_4000_samples_join_null_A-20260518-225144","rgb-depth","layer_09","cka","0.24907750053814265","4000","rgb","depth","0.004975124378109453","0.0037921628067654357","0.000354920158616593","0.2452853377313772","691.1000453945751"
"rq1_full_pipeline_hypersim_100_scenes_4000_samples_join_null_A-20260518-225144","rgb-depth","layer_10","cka","0.3299657069282279","4000","rgb","depth","0.004975124378109453","0.005295392903362539","0.0003815616620368496","0.32467031402486535","850.8986785824151"
"rq1_full_pipeline_hypersim_100_scenes_4000_samples_join_null_A-20260518-225144","rgb-depth","layer_11","cka","0.39755181258605116","4000","rgb","depth","0.004975124378109453","0.006537146023298049","0.0003513155919583078","0.39101466656275313","1113.0011747647018"
"rq1_full_pipeline_hypersim_100_scenes_4000_samples_join_null_A-20260518-225144","rgb-depth","layer_00","pwcca","0.2174714159318108","4000","rgb","depth","0.004975124378109453","0.10727781286806412","0.0018254615411065114","0.11019360306374668","60.364790263919964"
"rq1_full_pipeline_hypersim_100_scenes_4000_samples_join_null_A-20260518-225144","rgb-depth","layer_01","pwcca","0.2778530665628297","4000","rgb","depth","0.004975124378109453","0.10743280294178054","0.0018035476457558682","0.17042026362104917","94.49168921158493"
"rq1_full_pipeline_hypersim_100_scenes_4000_samples_join_null_A-20260518-225144","rgb-depth","layer_02","pwcca","0.3083911545863397","4000","rgb","depth","0.004975124378109453","0.10783824430911178","0.0017429070164960627","0.20055291027722794","115.06804917247919"
"rq1_full_pipeline_hypersim_100_scenes_4000_samples_join_null_A-20260518-225144","rgb-depth","layer_03","pwcca","0.3240858284770961","4000","rgb","depth","0.004975124378109453","0.10782159067928358","0.00149825597612039","0.2162642377978125","144.34398476941897"
"rq1_full_pipeline_hypersim_100_scenes_4000_samples_join_null_A-20260518-225144","rgb-depth","layer_04","pwcca","0.3682929388739268","4000","rgb","depth","0.004975124378109453","0.10799730982543053","0.0015202609147601687","0.26029562904849624","171.21773408846704"
"rq1_full_pipeline_hypersim_100_scenes_4000_samples_join_null_A-20260518-225144","rgb-depth","layer_05","pwcca","0.3967673225874112","4000","rgb","depth","0.004975124378109453","0.10762754289181727","0.0013861337411227577","0.28913977969559396","208.59443148782523"
"rq1_full_pipeline_hypersim_100_scenes_4000_samples_join_null_A-20260518-225144","rgb-depth","layer_06","pwcca","0.42583382815013304","4000","rgb","depth","0.004975124378109453","0.10790344417001267","0.0014158688694897623","0.31793038398012036","224.5479018792843"
"rq1_full_pipeline_hypersim_100_scenes_4000_samples_join_null_A-20260518-225144","rgb-depth","layer_07","pwcca","0.46972195168340625","4000","rgb","depth","0.004975124378109453","0.10807259439121082","0.0014032927545591612","0.36164935729219544","257.71483257305505"
"rq1_full_pipeline_hypersim_100_scenes_4000_samples_join_null_A-20260518-225144","rgb-depth","layer_08","pwcca","0.4912356517296438","4000","rgb","depth","0.004975124378109453","0.10824153932331267","0.0014166297328679098","0.38299411240633113","270.35583365243576"
"rq1_full_pipeline_hypersim_100_scenes_4000_samples_join_null_A-20260518-225144","rgb-depth","layer_09","pwcca","0.5219189547941965","4000","rgb","depth","0.004975124378109453","0.10839480199862765","0.0012813589778395656","0.4135241527955688","322.7231087831381"
"rq1_full_pipeline_hypersim_100_scenes_4000_samples_join_null_A-20260518-225144","rgb-depth","layer_10","pwcca","0.5410502413204907","4000","rgb","depth","0.004975124378109453","0.10840144910222073","0.0012781874737320797","0.43264879221827","338.4861775831777"
"rq1_full_pipeline_hypersim_100_scenes_4000_samples_join_null_A-20260518-225144","rgb-depth","layer_11","pwcca","0.5466121678837248","4000","rgb","depth","0.004975124378109453","0.10862854224307247","0.0013142200805915693","0.4379836256406523","333.26505363051746"
"rq1_full_pipeline_hypersim_100_scenes_4000_samples_join_null_A-20260518-225144","rgb-depth","layer_00","knn_overlap","0.09325","4000","rgb","depth","0.004975124378109453","0.002591625","0.00030144731608524895","0.090658375","300.7436794506471"
"rq1_full_pipeline_hypersim_100_scenes_4000_samples_join_null_A-20260518-225144","rgb-depth","layer_01","knn_overlap","0.15645","4000","rgb","depth","0.004975124378109453","0.0025772499999999997","0.0002950549736913445","0.15387275","521.5053590690035"
"rq1_full_pipeline_hypersim_100_scenes_4000_samples_join_null_A-20260518-225144","rgb-depth","layer_02","knn_overlap","0.19672499999999998","4000","rgb","depth","0.004975124378109453","0.002593125","0.0002812576387851537","0.19413187499999998","690.2279199900875"
"rq1_full_pipeline_hypersim_100_scenes_4000_samples_join_null_A-20260518-225144","rgb-depth","layer_03","knn_overlap","0.224425","4000","rgb","depth","0.004975124378109453","0.0026387499999999996","0.000295801348036144","0.22178625000000002","749.7810658148181"
"rq1_full_pipeline_hypersim_100_scenes_4000_samples_join_null_A-20260518-225144","rgb-depth","layer_04","knn_overlap","0.2452","4000","rgb","depth","0.004975124378109453","0.0026221250000000003","0.00029316353691242027","0.242577875","827.4489984491753"
"rq1_full_pipeline_hypersim_100_scenes_4000_samples_join_null_A-20260518-225144","rgb-depth","layer_05","knn_overlap","0.272","4000","rgb","depth","0.004975124378109453","0.0026306249999999997","0.00033019348021273834","0.269369375","815.7925311742972"
"rq1_full_pipeline_hypersim_100_scenes_4000_samples_join_null_A-20260518-225144","rgb-depth","layer_06","knn_overlap","0.306575","4000","rgb","depth","0.004975124378109453","0.00265475","0.00030495276273547676","0.30392025","996.6141879607354"
"rq1_full_pipeline_hypersim_100_scenes_4000_samples_join_null_A-20260518-225144","rgb-depth","layer_07","knn_overlap","0.336325","4000","rgb","depth","0.004975124378109453","0.002674","0.00030101744135514806","0.333651","1108.4108565202705"
"rq1_full_pipeline_hypersim_100_scenes_4000_samples_join_null_A-20260518-225144","rgb-depth","layer_08","knn_overlap","0.3722","4000","rgb","depth","0.004975124378109453","0.0026588749999999998","0.00029079521896860686","0.36954112499999997","1270.79505058814"
"rq1_full_pipeline_hypersim_100_scenes_4000_samples_join_null_A-20260518-225144","rgb-depth","layer_09","knn_overlap","0.409625","4000","rgb","depth","0.004975124378109453","0.002698","0.0002734200065832784","0.40692700000000004","1488.2853858613234"
"rq1_full_pipeline_hypersim_100_scenes_4000_samples_join_null_A-20260518-225144","rgb-depth","layer_10","knn_overlap","0.43477499999999997","4000","rgb","depth","0.004975124378109453","0.0027142499999999996","0.0003191346698495794","0.43206075","1353.850868674491"
"rq1_full_pipeline_hypersim_100_scenes_4000_samples_join_null_A-20260518-225144","rgb-depth","layer_11","knn_overlap","0.41784999999999994","4000","rgb","depth","0.004975124378109453","0.002704875","0.0002937334835782261","0.41514512499999995","1413.3394665897526"
"rq1_full_pipeline_hypersim_100_scenes_4000_samples_join_null_A-20260518-225144","rgb-normals","layer_00","cka","0.02464642039861888","4000","rgb","normals","0.004975124378109453","0.0006971331612769549","0.0003576083526120814","0.023949287237341924","66.97071548359808"
"rq1_full_pipeline_hypersim_100_scenes_4000_samples_join_null_A-20260518-225144","rgb-normals","layer_01","cka","0.02652666219337214","4000","rgb","normals","0.004975124378109453","0.0006538480425631318","0.00031467865615760485","0.02587281415080901","82.21979357205203"
"rq1_full_pipeline_hypersim_100_scenes_4000_samples_join_null_A-20260518-225144","rgb-normals","layer_02","cka","0.031810573190239576","4000","rgb","normals","0.004975124378109453","0.0008068041887779828","0.00040460133304415203","0.03100376900146159","76.62794575636832"
"rq1_full_pipeline_hypersim_100_scenes_4000_samples_join_null_A-20260518-225144","rgb-normals","layer_03","cka","0.03879603689830573","4000","rgb","normals","0.004975124378109453","0.0008948404367515886","0.00037504910974093977","0.03790119646155414","101.05662292528541"
"rq1_full_pipeline_hypersim_100_scenes_4000_samples_join_null_A-20260518-225144","rgb-normals","layer_04","cka","0.04774605032142564","4000","rgb","normals","0.004975124378109453","0.0010586668327776671","0.0003331182645010932","0.046687383488647975","140.1525778196853"
"rq1_full_pipeline_hypersim_100_scenes_4000_samples_join_null_A-20260518-225144","rgb-normals","layer_05","cka","0.06965228808362567","4000","rgb","normals","0.004975124378109453","0.0012599327256717452","0.0003741815427235138","0.06839235535795392","182.77853808649684"
"rq1_full_pipeline_hypersim_100_scenes_4000_samples_join_null_A-20260518-225144","rgb-normals","layer_06","cka","0.08675873123347218","4000","rgb","normals","0.004975124378109453","0.0014429744822958385","0.00036970128385405946","0.08531575675117634","230.76943596672754"
"rq1_full_pipeline_hypersim_100_scenes_4000_samples_join_null_A-20260518-225144","rgb-normals","layer_07","cka","0.11016033221839469","4000","rgb","normals","0.004975124378109453","0.00194212114878262","0.00036549681704973395","0.10821821106961207","296.0852352782229"
"rq1_full_pipeline_hypersim_100_scenes_4000_samples_join_null_A-20260518-225144","rgb-normals","layer_08","cka","0.12055795244019767","4000","rgb","normals","0.004975124378109453","0.0024833616635552397","0.0003585775061441188","0.11807459077664242","329.2861062210246"
"rq1_full_pipeline_hypersim_100_scenes_4000_samples_join_null_A-20260518-225144","rgb-normals","layer_09","cka","0.13046114248993793","4000","rgb","normals","0.004975124378109453","0.003005271602139557","0.00033705438854515237","0.12745587088779836","378.14630285024214"
"rq1_full_pipeline_hypersim_100_scenes_4000_samples_join_null_A-20260518-225144","rgb-normals","layer_10","cka","0.1685772920212229","4000","rgb","normals","0.004975124378109453","0.00393308212196587","0.0003664804536036752","0.16464420989925704","449.2578206566756"
"rq1_full_pipeline_hypersim_100_scenes_4000_samples_join_null_A-20260518-225144","rgb-normals","layer_11","cka","0.20251217949112016","4000","rgb","normals","0.004975124378109453","0.004912148521198207","0.00033482507301019215","0.19760003096992196","590.1590021124463"
"rq1_full_pipeline_hypersim_100_scenes_4000_samples_join_null_A-20260518-225144","rgb-normals","layer_00","pwcca","0.2195944771437737","4000","rgb","normals","0.004975124378109453","0.10725260340717847","0.0018850172983703366","0.11234187373659522","59.59726408543768"
"rq1_full_pipeline_hypersim_100_scenes_4000_samples_join_null_A-20260518-225144","rgb-normals","layer_01","pwcca","0.2708254277243197","4000","rgb","normals","0.004975124378109453","0.10742713304406064","0.0017481908435769847","0.16339829468025907","93.46708071409913"
"rq1_full_pipeline_hypersim_100_scenes_4000_samples_join_null_A-20260518-225144","rgb-normals","layer_02","pwcca","0.2938854778860188","4000","rgb","normals","0.004975124378109453","0.10777648732678574","0.0017925277374117256","0.18610899055923308","103.82488743407697"
"rq1_full_pipeline_hypersim_100_scenes_4000_samples_join_null_A-20260518-225144","rgb-normals","layer_03","pwcca","0.30611833539219985","4000","rgb","normals","0.004975124378109453","0.10744126322939572","0.0016726289497428302","0.1986770721628041","118.78131859032518"
"rq1_full_pipeline_hypersim_100_scenes_4000_samples_join_null_A-20260518-225144","rgb-normals","layer_04","pwcca","0.33224336565460805","4000","rgb","normals","0.004975124378109453","0.10763285808193497","0.0015146876705690335","0.2246105075726731","148.28833160587627"
"rq1_full_pipeline_hypersim_100_scenes_4000_samples_join_null_A-20260518-225144","rgb-normals","layer_05","pwcca","0.35832779236080636","4000","rgb","normals","0.004975124378109453","0.10773932464510219","0.0014296948955446946","0.2505884677157042","175.2740871472674"
"rq1_full_pipeline_hypersim_100_scenes_4000_samples_join_null_A-20260518-225144","rgb-normals","layer_06","pwcca","0.3717187937362867","4000","rgb","normals","0.004975124378109453","0.10753228736997154","0.0013681485483498228","0.26418650636631513","193.09782310185597"
"rq1_full_pipeline_hypersim_100_scenes_4000_samples_join_null_A-20260518-225144","rgb-normals","layer_07","pwcca","0.39886742016315824","4000","rgb","normals","0.004975124378109453","0.10785911234512169","0.0013320950993471658","0.29100830781803655","218.4591084830611"
"rq1_full_pipeline_hypersim_100_scenes_4000_samples_join_null_A-20260518-225144","rgb-normals","layer_08","pwcca","0.40963024256186725","4000","rgb","normals","0.004975124378109453","0.10749768520017952","0.0013459894503852286","0.30213255736168776","224.46874102558232"
"rq1_full_pipeline_hypersim_100_scenes_4000_samples_join_null_A-20260518-225144","rgb-normals","layer_09","pwcca","0.41026694354823057","4000","rgb","normals","0.004975124378109453","0.10790831349928258","0.0012467928874482232","0.302358630048948","242.50910724055947"
"rq1_full_pipeline_hypersim_100_scenes_4000_samples_join_null_A-20260518-225144","rgb-normals","layer_10","pwcca","0.4067865704766437","4000","rgb","normals","0.004975124378109453","0.10764849973545058","0.001496297830319889","0.2991380707411931","199.91880271405677"
"rq1_full_pipeline_hypersim_100_scenes_4000_samples_join_null_A-20260518-225144","rgb-normals","layer_11","pwcca","0.4040932573967276","4000","rgb","normals","0.004975124378109453","0.10779334896329441","0.0014235317981353807","0.2962999084334332","208.1442148475664"
"rq1_full_pipeline_hypersim_100_scenes_4000_samples_join_null_A-20260518-225144","rgb-normals","layer_00","knn_overlap","0.07935","4000","rgb","normals","0.004975124378109453","0.00255975","0.0002980015729824257","0.07679025","257.6840425084891"
"rq1_full_pipeline_hypersim_100_scenes_4000_samples_join_null_A-20260518-225144","rgb-normals","layer_01","knn_overlap","0.10717499999999999","4000","rgb","normals","0.004975124378109453","0.002596625","0.00030414508770486493","0.10457837499999999","343.84370889948525"
"rq1_full_pipeline_hypersim_100_scenes_4000_samples_join_null_A-20260518-225144","rgb-normals","layer_02","knn_overlap","0.12940000000000002","4000","rgb","normals","0.004975124378109453","0.002530375","0.0002935651279954757","0.126869625","432.16858169188026"
"rq1_full_pipeline_hypersim_100_scenes_4000_samples_join_null_A-20260518-225144","rgb-normals","layer_03","knn_overlap","0.14150000000000001","4000","rgb","normals","0.004975124378109453","0.0025980000000000005","0.00029355961915767634","0.13890200000000003","473.1645326375532"
"rq1_full_pipeline_hypersim_100_scenes_4000_samples_join_null_A-20260518-225144","rgb-normals","layer_04","knn_overlap","0.156025","4000","rgb","normals","0.004975124378109453","0.0025927500000000004","0.0002793249675557128","0.15343225","549.2965821947053"
"rq1_full_pipeline_hypersim_100_scenes_4000_samples_join_null_A-20260518-225144","rgb-normals","layer_05","knn_overlap","0.16695","4000","rgb","normals","0.004975124378109453","0.002612375","0.0002884982398126547","0.164337625","569.6312917081149"
"rq1_full_pipeline_hypersim_100_scenes_4000_samples_join_null_A-20260518-225144","rgb-normals","layer_06","knn_overlap","0.187075","4000","rgb","normals","0.004975124378109453","0.002587875","0.0003115382951981987","0.184487125","592.1812112460539"
"rq1_full_pipeline_hypersim_100_scenes_4000_samples_join_null_A-20260518-225144","rgb-normals","layer_07","knn_overlap","0.20485000000000003","4000","rgb","normals","0.004975124378109453","0.002591125","0.00031951034314244036","0.20225887500000003","633.0276291238289"
"rq1_full_pipeline_hypersim_100_scenes_4000_samples_join_null_A-20260518-225144","rgb-normals","layer_08","knn_overlap","0.21280000000000002","4000","rgb","normals","0.004975124378109453","0.0026441249999999998","0.0002961521726663507","0.21015587500000002","709.6212501427927"
"rq1_full_pipeline_hypersim_100_scenes_4000_samples_join_null_A-20260518-225144","rgb-normals","layer_09","knn_overlap","0.21387499999999998","4000","rgb","normals","0.004975124378109453","0.0025577499999999997","0.000284762949661644","0.21131724999999998","742.0812653158974"
"rq1_full_pipeline_hypersim_100_scenes_4000_samples_join_null_A-20260518-225144","rgb-normals","layer_10","knn_overlap","0.21425","4000","rgb","normals","0.004975124378109453","0.002607875","0.0002934341653165153","0.211642125","721.2593147485413"
"rq1_full_pipeline_hypersim_100_scenes_4000_samples_join_null_A-20260518-225144","rgb-normals","layer_11","knn_overlap","0.19875","4000","rgb","normals","0.004975124378109453","0.0026037499999999997","0.00032372586782646826","0.19614625000000002","605.902306531597"
"rq1_full_pipeline_hypersim_100_scenes_4000_samples_join_null_A-20260518-225144","rgb-rgb_joint_with_depth","layer_00","cka","0.9999750362275759","4000","rgb","rgb_joint_with_depth","0.004975124378109453","0.00046962301760994444","0.00044836427474966847","0.9995054132099659","2229.2262552988004"
"rq1_full_pipeline_hypersim_100_scenes_4000_samples_join_null_A-20260518-225144","rgb-rgb_joint_with_depth","layer_01","cka","0.9999854429283331","4000","rgb","rgb_joint_with_depth","0.004975124378109453","0.0005246309356215649","0.0004951643772877802","0.9994608119927115","2018.442476551264"
"rq1_full_pipeline_hypersim_100_scenes_4000_samples_join_null_A-20260518-225144","rgb-rgb_joint_with_depth","layer_02","cka","0.9999774690331081","4000","rgb","rgb_joint_with_depth","0.004975124378109453","0.00048553791975332604","0.00038293898225748546","0.9994919311133548","2610.0553284525718"
"rq1_full_pipeline_hypersim_100_scenes_4000_samples_join_null_A-20260518-225144","rgb-rgb_joint_with_depth","layer_03","cka","0.9999425160403542","4000","rgb","rgb_joint_with_depth","0.004975124378109453","0.0006265393484076804","0.0005509780756669827","0.9993159766919465","1813.7127788292328"
"rq1_full_pipeline_hypersim_100_scenes_4000_samples_join_null_A-20260518-225144","rgb-rgb_joint_with_depth","layer_04","cka","0.9999149296556609","4000","rgb","rgb_joint_with_depth","0.004975124378109453","0.000638427864490175","0.0004409185636556546","0.9992765017911707","2266.3516217284478"
"rq1_full_pipeline_hypersim_100_scenes_4000_samples_join_null_A-20260518-225144","rgb-rgb_joint_with_depth","layer_05","cka","0.9998721215829556","4000","rgb","rgb_joint_with_depth","0.004975124378109453","0.0008191477038485799","0.0003931028698601772","0.999052973879107","2541.4542871041876"
"rq1_full_pipeline_hypersim_100_scenes_4000_samples_join_null_A-20260518-225144","rgb-rgb_joint_with_depth","layer_06","cka","0.9997816669523983","4000","rgb","rgb_joint_with_depth","0.004975124378109453","0.0010496071631259712","0.00045791215840704187","0.9987320597892724","2181.055998302389"
"rq1_full_pipeline_hypersim_100_scenes_4000_samples_join_null_A-20260518-225144","rgb-rgb_joint_with_depth","layer_07","cka","0.9995918922679222","4000","rgb","rgb_joint_with_depth","0.004975124378109453","0.0013915612726595906","0.00032910669631119026","0.9982003309952626","3033.0599230694593"
"rq1_full_pipeline_hypersim_100_scenes_4000_samples_join_null_A-20260518-225144","rgb-rgb_joint_with_depth","layer_08","cka","0.9992116485965304","4000","rgb","rgb_joint_with_depth","0.004975124378109453","0.0019818019387433717","0.0004074063956846005","0.997229846657787","2447.752065801654"
"rq1_full_pipeline_hypersim_100_scenes_4000_samples_join_null_A-20260518-225144","rgb-rgb_joint_with_depth","layer_09","cka","0.9985032076961035","4000","rgb","rgb_joint_with_depth","0.004975124378109453","0.00269883466884044","0.0003902087230835483","0.995804373027263","2551.9787593627157"
"rq1_full_pipeline_hypersim_100_scenes_4000_samples_join_null_A-20260518-225144","rgb-rgb_joint_with_depth","layer_10","cka","0.9975199667433212","4000","rgb","rgb_joint_with_depth","0.004975124378109453","0.004097502525263966","0.0004235234722112138","0.9934224642180572","2345.613713052086"
"rq1_full_pipeline_hypersim_100_scenes_4000_samples_join_null_A-20260518-225144","rgb-rgb_joint_with_depth","layer_11","cka","0.968315568126031","4000","rgb","rgb_joint_with_depth","0.004975124378109453","0.006291580652307054","0.00039207951764864485","0.962023987473724","2453.6451004712385"
"rq1_full_pipeline_hypersim_100_scenes_4000_samples_join_null_A-20260518-225144","rgb-rgb_joint_with_depth","layer_00","pwcca","0.9925443602421811","4000","rgb","rgb_joint_with_depth","0.004975124378109453","0.10755142274845823","0.0019319784508367223","0.8849929374937229","458.07598791303315"
"rq1_full_pipeline_hypersim_100_scenes_4000_samples_join_null_A-20260518-225144","rgb-rgb_joint_with_depth","layer_01","pwcca","0.9836939013217908","4000","rgb","rgb_joint_with_depth","0.004975124378109453","0.1079101431455204","0.0019120409027880742","0.8757837581762704","458.036100011894"
"rq1_full_pipeline_hypersim_100_scenes_4000_samples_join_null_A-20260518-225144","rgb-rgb_joint_with_depth","layer_02","pwcca","0.9892674511464585","4000","rgb","rgb_joint_with_depth","0.004975124378109453","0.10806703214457833","0.0017724202249036851","0.8812004190018802","497.1735295165487"
"rq1_full_pipeline_hypersim_100_scenes_4000_samples_join_null_A-20260518-225144","rgb-rgb_joint_with_depth","layer_03","pwcca","0.9830364885016153","4000","rgb","rgb_joint_with_depth","0.004975124378109453","0.10814550838284802","0.0016879345805234263","0.8748909801187673","518.3204314988706"
"rq1_full_pipeline_hypersim_100_scenes_4000_samples_join_null_A-20260518-225144","rgb-rgb_joint_with_depth","layer_04","pwcca","0.9804384169241056","4000","rgb","rgb_joint_with_depth","0.004975124378109453","0.10805327383045055","0.0016335103458287683","0.8723851430936551","534.0554746539098"
"rq1_full_pipeline_hypersim_100_scenes_4000_samples_join_null_A-20260518-225144","rgb-rgb_joint_with_depth","layer_05","pwcca","0.9826937071452273","4000","rgb","rgb_joint_with_depth","0.004975124378109453","0.10838088638990094","0.0015522984582231763","0.8743128207553263","563.2375759466387"
"rq1_full_pipeline_hypersim_100_scenes_4000_samples_join_null_A-20260518-225144","rgb-rgb_joint_with_depth","layer_06","pwcca","0.9855211824911735","4000","rgb","rgb_joint_with_depth","0.004975124378109453","0.10829787732042576","0.0014824415406601218","0.8772233051707478","591.7422583693424"
"rq1_full_pipeline_hypersim_100_scenes_4000_samples_join_null_A-20260518-225144","rgb-rgb_joint_with_depth","layer_07","pwcca","0.9811754771794944","4000","rgb","rgb_joint_with_depth","0.004975124378109453","0.10846954985550664","0.001581370437533717","0.8727059273239878","551.8668533383283"
"rq1_full_pipeline_hypersim_100_scenes_4000_samples_join_null_A-20260518-225144","rgb-rgb_joint_with_depth","layer_08","pwcca","0.9859471933563866","4000","rgb","rgb_joint_with_depth","0.004975124378109453","0.10853044754626855","0.0012451578558924723","0.8774167458101181","704.6630607178924"
"rq1_full_pipeline_hypersim_100_scenes_4000_samples_join_null_A-20260518-225144","rgb-rgb_joint_with_depth","layer_09","pwcca","0.9818661076910612","4000","rgb","rgb_joint_with_depth","0.004975124378109453","0.10885554074862577","0.0013092239399746589","0.8730105669424354","666.8153096553774"
"rq1_full_pipeline_hypersim_100_scenes_4000_samples_join_null_A-20260518-225144","rgb-rgb_joint_with_depth","layer_10","pwcca","0.9839170310353004","4000","rgb","rgb_joint_with_depth","0.004975124378109453","0.10919366130823623","0.001313953252021945","0.8747233697270641","665.7187905132981"
"rq1_full_pipeline_hypersim_100_scenes_4000_samples_join_null_A-20260518-225144","rgb-rgb_joint_with_depth","layer_11","pwcca","0.9677442657050574","4000","rgb","rgb_joint_with_depth","0.004975124378109453","0.10922637562768962","0.0012292681423558857","0.8585178900773678","698.3975753508286"
"rq1_full_pipeline_hypersim_100_scenes_4000_samples_join_null_A-20260518-225144","rgb-rgb_joint_with_depth","layer_00","knn_overlap","0.939325","4000","rgb","rgb_joint_with_depth","0.004975124378109453","0.00261","0.0002998541312038238","0.936715","3123.9022662098137"
"rq1_full_pipeline_hypersim_100_scenes_4000_samples_join_null_A-20260518-225144","rgb-rgb_joint_with_depth","layer_01","knn_overlap","0.9557","4000","rgb","rgb_joint_with_depth","0.004975124378109453","0.0026055","0.00030386222206783126","0.9530945","3136.600836767528"
"rq1_full_pipeline_hypersim_100_scenes_4000_samples_join_null_A-20260518-225144","rgb-rgb_joint_with_depth","layer_02","knn_overlap","0.9614","4000","rgb","rgb_joint_with_depth","0.004975124378109453","0.002653875","0.00031156958993939056","0.958746125","3077.1492339368046"
"rq1_full_pipeline_hypersim_100_scenes_4000_samples_join_null_A-20260518-225144","rgb-rgb_joint_with_depth","layer_03","knn_overlap","0.94815","4000","rgb","rgb_joint_with_depth","0.004975124378109453","0.002661","0.00031736847669546517","0.945489","2979.1522139965264"
"rq1_full_pipeline_hypersim_100_scenes_4000_samples_join_null_A-20260518-225144","rgb-rgb_joint_with_depth","layer_04","knn_overlap","0.9411250000000001","4000","rgb","rgb_joint_with_depth","0.004975124378109453","0.0026206249999999997","0.00031544054015772926","0.9385043750000001","2975.2180063181513"
"rq1_full_pipeline_hypersim_100_scenes_4000_samples_join_null_A-20260518-225144","rgb-rgb_joint_with_depth","layer_05","knn_overlap","0.938175","4000","rgb","rgb_joint_with_depth","0.004975124378109453","0.002728125","0.0003118587170098024","0.935446875","2999.5854660384457"
"rq1_full_pipeline_hypersim_100_scenes_4000_samples_join_null_A-20260518-225144","rgb-rgb_joint_with_depth","layer_06","knn_overlap","0.9338749999999999","4000","rgb","rgb_joint_with_depth","0.004975124378109453","0.0027524999999999997","0.00032859549601295515","0.9311224999999999","2833.6435261525603"
"rq1_full_pipeline_hypersim_100_scenes_4000_samples_join_null_A-20260518-225144","rgb-rgb_joint_with_depth","layer_07","knn_overlap","0.9276249999999999","4000","rgb","rgb_joint_with_depth","0.004975124378109453","0.002771625","0.0003185090020313398","0.9248533749999999","2903.6961878678662"
"rq1_full_pipeline_hypersim_100_scenes_4000_samples_join_null_A-20260518-225144","rgb-rgb_joint_with_depth","layer_08","knn_overlap","0.9271750000000001","4000","rgb","rgb_joint_with_depth","0.004975124378109453","0.002724375","0.0003085392752551934","0.9244506250000001","2996.2170107367538"
"rq1_full_pipeline_hypersim_100_scenes_4000_samples_join_null_A-20260518-225144","rgb-rgb_joint_with_depth","layer_09","knn_overlap","0.9172750000000001","4000","rgb","rgb_joint_with_depth","0.004975124378109453","0.0027906249999999997","0.0002932728838044868","0.914484375","3118.2029621587853"
"rq1_full_pipeline_hypersim_100_scenes_4000_samples_join_null_A-20260518-225144","rgb-rgb_joint_with_depth","layer_10","knn_overlap","0.9149499999999999","4000","rgb","rgb_joint_with_depth","0.004975124378109453","0.0028075","0.00033221792546459623","0.9121425","2745.6149415309173"
"rq1_full_pipeline_hypersim_100_scenes_4000_samples_join_null_A-20260518-225144","rgb-rgb_joint_with_depth","layer_11","knn_overlap","0.795425","4000","rgb","rgb_joint_with_depth","0.004975124378109453","0.0028067500000000002","0.0003124370936684695","0.7926182500000001","2536.8890764329544"
"rq1_full_pipeline_hypersim_100_scenes_4000_samples_join_null_A-20260518-225144","rgb-rgb_joint_with_normals","layer_00","cka","0.9999639065212577","4000","rgb","rgb_joint_with_normals","0.004975124378109453","0.0004545697610411471","0.00043176090778133144","0.9995093367602165","2314.9602447714547"
"rq1_full_pipeline_hypersim_100_scenes_4000_samples_join_null_A-20260518-225144","rgb-rgb_joint_with_normals","layer_01","cka","0.9999830673447794","4000","rgb","rgb_joint_with_normals","0.004975124378109453","0.00042968224232249304","0.00039248184753185863","0.9995533851024568","2546.750611240233"
"rq1_full_pipeline_hypersim_100_scenes_4000_samples_join_null_A-20260518-225144","rgb-rgb_joint_with_normals","layer_02","cka","0.9999698145371372","4000","rgb","rgb_joint_with_normals","0.004975124378109453","0.0005735627780597294","0.0005055341781201007","0.9993962517590774","1976.9113445019123"
"rq1_full_pipeline_hypersim_100_scenes_4000_samples_join_null_A-20260518-225144","rgb-rgb_joint_with_normals","layer_03","cka","0.9999187705545144","4000","rgb","rgb_joint_with_normals","0.004975124378109453","0.0005711905039683314","0.00038966763409021865","0.999347580050546","2564.6153096183757"
"rq1_full_pipeline_hypersim_100_scenes_4000_samples_join_null_A-20260518-225144","rgb-rgb_joint_with_normals","layer_04","cka","0.999885074026804","4000","rgb","rgb_joint_with_normals","0.004975124378109453","0.0007394990464525181","0.0005107347730918169","0.9991455749803515","1956.2904811275323"
"rq1_full_pipeline_hypersim_100_scenes_4000_samples_join_null_A-20260518-225144","rgb-rgb_joint_with_normals","layer_05","cka","0.999784711689033","4000","rgb","rgb_joint_with_normals","0.004975124378109453","0.0007928076192928196","0.0003966790857828071","0.9989919040697403","2518.3881376007716"
"rq1_full_pipeline_hypersim_100_scenes_4000_samples_join_null_A-20260518-225144","rgb-rgb_joint_with_normals","layer_06","cka","0.9996790850138474","4000","rgb","rgb_joint_with_normals","0.004975124378109453","0.00102557915800743","0.0004729230542892245","0.99865350585584","2111.66171071266"
"rq1_full_pipeline_hypersim_100_scenes_4000_samples_join_null_A-20260518-225144","rgb-rgb_joint_with_normals","layer_07","cka","0.9993291522168443","4000","rgb","rgb_joint_with_normals","0.004975124378109453","0.0014188185524117722","0.0004496411074113039","0.9979103336644325","2219.348536457557"
"rq1_full_pipeline_hypersim_100_scenes_4000_samples_join_null_A-20260518-225144","rgb-rgb_joint_with_normals","layer_08","cka","0.9986727244625633","4000","rgb","rgb_joint_with_normals","0.004975124378109453","0.0018984414122543325","0.0003622405586149263","0.9967742830503089","2751.6915468041584"
"rq1_full_pipeline_hypersim_100_scenes_4000_samples_join_null_A-20260518-225144","rgb-rgb_joint_with_normals","layer_09","cka","0.9974082926427605","4000","rgb","rgb_joint_with_normals","0.004975124378109453","0.0026324655583025358","0.0004067499971574193","0.994775827084458","2445.6689220318854"
"rq1_full_pipeline_hypersim_100_scenes_4000_samples_join_null_A-20260518-225144","rgb-rgb_joint_with_normals","layer_10","cka","0.9950384446026522","4000","rgb","rgb_joint_with_normals","0.004975124378109453","0.003913323840166126","0.00038236658795989163","0.9911251207624862","2592.080877282223"
"rq1_full_pipeline_hypersim_100_scenes_4000_samples_join_null_A-20260518-225144","rgb-rgb_joint_with_normals","layer_11","cka","0.9642407822201644","4000","rgb","rgb_joint_with_normals","0.004975124378109453","0.006003368870716888","0.0004290650334255774","0.9582374133494476","2233.315089088136"
"rq1_full_pipeline_hypersim_100_scenes_4000_samples_join_null_A-20260518-225144","rgb-rgb_joint_with_normals","layer_00","pwcca","0.9938182014372632","4000","rgb","rgb_joint_with_normals","0.004975124378109453","0.10752981796308761","0.0020015139564164112","0.8862883834741756","442.80899497749243"
"rq1_full_pipeline_hypersim_100_scenes_4000_samples_join_null_A-20260518-225144","rgb-rgb_joint_with_normals","layer_01","pwcca","0.9820487555698876","4000","rgb","rgb_joint_with_normals","0.004975124378109453","0.10774649141729864","0.0018046467601349583","0.8743022641525889","484.47279737293593"
"rq1_full_pipeline_hypersim_100_scenes_4000_samples_join_null_A-20260518-225144","rgb-rgb_joint_with_normals","layer_02","pwcca","0.9842191489991136","4000","rgb","rgb_joint_with_normals","0.004975124378109453","0.1079946455679482","0.0017470199620319587","0.8762245034311653","501.5538016016879"
"rq1_full_pipeline_hypersim_100_scenes_4000_samples_join_null_A-20260518-225144","rgb-rgb_joint_with_normals","layer_03","pwcca","0.9654564065915987","4000","rgb","rgb_joint_with_normals","0.004975124378109453","0.10812544899546786","0.0016957036197410948","0.8573309575961309","505.5900970047058"
"rq1_full_pipeline_hypersim_100_scenes_4000_samples_join_null_A-20260518-225144","rgb-rgb_joint_with_normals","layer_04","pwcca","0.9683937426732894","4000","rgb","rgb_joint_with_normals","0.004975124378109453","0.10808628874949708","0.0016295539738774923","0.8603074539237923","527.9404473340071"
"rq1_full_pipeline_hypersim_100_scenes_4000_samples_join_null_A-20260518-225144","rgb-rgb_joint_with_normals","layer_05","pwcca","0.9704903383547747","4000","rgb","rgb_joint_with_normals","0.004975124378109453","0.10820390569311694","0.0015048381072591578","0.8622864326616577","573.0094343717718"
"rq1_full_pipeline_hypersim_100_scenes_4000_samples_join_null_A-20260518-225144","rgb-rgb_joint_with_normals","layer_06","pwcca","0.9754063213001265","4000","rgb","rgb_joint_with_normals","0.004975124378109453","0.10837244125980972","0.0016277829103843778","0.8670338800403168","532.6471205153389"
"rq1_full_pipeline_hypersim_100_scenes_4000_samples_join_null_A-20260518-225144","rgb-rgb_joint_with_normals","layer_07","pwcca","0.9689970153256273","4000","rgb","rgb_joint_with_normals","0.004975124378109453","0.1083623495364735","0.0014613731757883023","0.8606346657891538","588.9218989700597"
"rq1_full_pipeline_hypersim_100_scenes_4000_samples_join_null_A-20260518-225144","rgb-rgb_joint_with_normals","layer_08","pwcca","0.9724704044980914","4000","rgb","rgb_joint_with_normals","0.004975124378109453","0.10851822739361125","0.0013958036806485023","0.8639521771044801","618.9639625416954"
"rq1_full_pipeline_hypersim_100_scenes_4000_samples_join_null_A-20260518-225144","rgb-rgb_joint_with_normals","layer_09","pwcca","0.9708690381377866","4000","rgb","rgb_joint_with_normals","0.004975124378109453","0.1088868181696577","0.0013891679391995018","0.8619822199681288","620.5025293520955"
"rq1_full_pipeline_hypersim_100_scenes_4000_samples_join_null_A-20260518-225144","rgb-rgb_joint_with_normals","layer_10","pwcca","0.9721793290200829","4000","rgb","rgb_joint_with_normals","0.004975124378109453","0.10903110425121298","0.0012618960532459267","0.8631482247688699","684.0089740740743"
"rq1_full_pipeline_hypersim_100_scenes_4000_samples_join_null_A-20260518-225144","rgb-rgb_joint_with_normals","layer_11","pwcca","0.9556060869088372","4000","rgb","rgb_joint_with_normals","0.004975124378109453","0.1089589287671187","0.0012876777096290397","0.8466471581417185","657.49927315712"
"rq1_full_pipeline_hypersim_100_scenes_4000_samples_join_null_A-20260518-225144","rgb-rgb_joint_with_normals","layer_00","knn_overlap","0.945575","4000","rgb","rgb_joint_with_normals","0.004975124378109453","0.002631875","0.00031017069393319543","0.9429431250000001","3040.078071344455"
"rq1_full_pipeline_hypersim_100_scenes_4000_samples_join_null_A-20260518-225144","rgb-rgb_joint_with_normals","layer_01","knn_overlap","0.95175","4000","rgb","rgb_joint_with_normals","0.004975124378109453","0.0026315","0.0003050229499562287","0.9491185","3111.6297974831077"
"rq1_full_pipeline_hypersim_100_scenes_4000_samples_join_null_A-20260518-225144","rgb-rgb_joint_with_normals","layer_02","knn_overlap","0.9512499999999999","4000","rgb","rgb_joint_with_normals","0.004975124378109453","0.0026642500000000004","0.00030680317387536915","0.9485857499999999","3091.8381254600004"
"rq1_full_pipeline_hypersim_100_scenes_4000_samples_join_null_A-20260518-225144","rgb-rgb_joint_with_normals","layer_03","knn_overlap","0.9308249999999999","4000","rgb","rgb_joint_with_normals","0.004975124378109453","0.0026465000000000004","0.0003183162735393841","0.9281784999999999","2915.9002449969303"
"rq1_full_pipeline_hypersim_100_scenes_4000_samples_join_null_A-20260518-225144","rgb-rgb_joint_with_normals","layer_04","knn_overlap","0.92445","4000","rgb","rgb_joint_with_normals","0.004975124378109453","0.0026768749999999996","0.00030715364131815207","0.921773125","3001.016432832129"
"rq1_full_pipeline_hypersim_100_scenes_4000_samples_join_null_A-20260518-225144","rgb-rgb_joint_with_normals","layer_05","knn_overlap","0.9150750000000001","4000","rgb","rgb_joint_with_normals","0.004975124378109453","0.002675125","0.0003041021364196575","0.9123998750000001","3000.307349833605"
"rq1_full_pipeline_hypersim_100_scenes_4000_samples_join_null_A-20260518-225144","rgb-rgb_joint_with_normals","layer_06","knn_overlap","0.9188000000000001","4000","rgb","rgb_joint_with_normals","0.004975124378109453","0.0026785000000000003","0.00029831862161118944","0.9161215","3070.9497618758032"
"rq1_full_pipeline_hypersim_100_scenes_4000_samples_join_null_A-20260518-225144","rgb-rgb_joint_with_normals","layer_07","knn_overlap","0.90565","4000","rgb","rgb_joint_with_normals","0.004975124378109453","0.002704625","0.00030875837539247417","0.9029453749999999","2924.4401025631537"
"rq1_full_pipeline_hypersim_100_scenes_4000_samples_join_null_A-20260518-225144","rgb-rgb_joint_with_normals","layer_08","knn_overlap","0.90055","4000","rgb","rgb_joint_with_normals","0.004975124378109453","0.002730625","0.0003142892527195291","0.897819375","2856.6658491539692"
"rq1_full_pipeline_hypersim_100_scenes_4000_samples_join_null_A-20260518-225144","rgb-rgb_joint_with_normals","layer_09","knn_overlap","0.8904","4000","rgb","rgb_joint_with_normals","0.004975124378109453","0.002760625","0.00032840940055820574","0.887639375","2702.843991345123"
"rq1_full_pipeline_hypersim_100_scenes_4000_samples_join_null_A-20260518-225144","rgb-rgb_joint_with_normals","layer_10","knn_overlap","0.8836999999999999","4000","rgb","rgb_joint_with_normals","0.004975124378109453","0.0027505000000000003","0.0003049586037481153","0.8809494999999999","2888.751093337351"
"rq1_full_pipeline_hypersim_100_scenes_4000_samples_join_null_A-20260518-225144","rgb-rgb_joint_with_normals","layer_11","knn_overlap","0.7744","4000","rgb","rgb_joint_with_normals","0.004975124378109453","0.002776875","0.00033309099263564607","0.771623125","2316.5535606183303"
"rq1_full_pipeline_hypersim_100_scenes_4000_samples_join_null_A-20260518-225144","rgb_joint_with_depth-depth_joint_with_rgb","layer_00","cka","0.1388589272916773","4000","rgb_joint_with_depth","depth_joint_with_rgb","0.004975124378109453","0.0007023367664798758","0.0003560670887761497","0.1381565905251974","388.0071898811545"
"rq1_full_pipeline_hypersim_100_scenes_4000_samples_join_null_A-20260518-225144","rgb_joint_with_depth-depth_joint_with_rgb","layer_01","cka","0.1968420237238175","4000","rgb_joint_with_depth","depth_joint_with_rgb","0.004975124378109453","0.0007727732046881499","0.00037277235608390114","0.19606925051912935","525.9758330228741"
"rq1_full_pipeline_hypersim_100_scenes_4000_samples_join_null_A-20260518-225144","rgb_joint_with_depth-depth_joint_with_rgb","layer_02","cka","0.16254080514991262","4000","rgb_joint_with_depth","depth_joint_with_rgb","0.004975124378109453","0.0008834980500209673","0.0003177265353630864","0.16165730709989165","508.79384976503627"
"rq1_full_pipeline_hypersim_100_scenes_4000_samples_join_null_A-20260518-225144","rgb_joint_with_depth-depth_joint_with_rgb","layer_03","cka","0.19660868827853256","4000","rgb_joint_with_depth","depth_joint_with_rgb","0.004975124378109453","0.0011019359641802023","0.0003536288577184943","0.19550675231435236","552.8585918459889"
"rq1_full_pipeline_hypersim_100_scenes_4000_samples_join_null_A-20260518-225144","rgb_joint_with_depth-depth_joint_with_rgb","layer_04","cka","0.2273989192580782","4000","rgb_joint_with_depth","depth_joint_with_rgb","0.004975124378109453","0.0011678513326831002","0.0002948571403672962","0.2262310679253951","767.2565352956509"
"rq1_full_pipeline_hypersim_100_scenes_4000_samples_join_null_A-20260518-225144","rgb_joint_with_depth-depth_joint_with_rgb","layer_05","cka","0.23426397744897068","4000","rgb_joint_with_depth","depth_joint_with_rgb","0.004975124378109453","0.0014931731442629956","0.0003452554653205757","0.23277080430470767","674.1987533450801"
"rq1_full_pipeline_hypersim_100_scenes_4000_samples_join_null_A-20260518-225144","rgb_joint_with_depth-depth_joint_with_rgb","layer_06","cka","0.30242529568971527","4000","rgb_joint_with_depth","depth_joint_with_rgb","0.004975124378109453","0.0017704404580016389","0.00039327836210612037","0.30065485523171365","764.483592795747"
"rq1_full_pipeline_hypersim_100_scenes_4000_samples_join_null_A-20260518-225144","rgb_joint_with_depth-depth_joint_with_rgb","layer_07","cka","0.34537987081224697","4000","rgb_joint_with_depth","depth_joint_with_rgb","0.004975124378109453","0.002252702608304101","0.000431692101274457","0.34312716820394285","794.8423591512341"
"rq1_full_pipeline_hypersim_100_scenes_4000_samples_join_null_A-20260518-225144","rgb_joint_with_depth-depth_joint_with_rgb","layer_08","cka","0.38462284780483535","4000","rgb_joint_with_depth","depth_joint_with_rgb","0.004975124378109453","0.0029291477243451134","0.0003894903059622339","0.38169370008049025","979.9825418954083"
"rq1_full_pipeline_hypersim_100_scenes_4000_samples_join_null_A-20260518-225144","rgb_joint_with_depth-depth_joint_with_rgb","layer_09","cka","0.42518607661042285","4000","rgb_joint_with_depth","depth_joint_with_rgb","0.004975124378109453","0.003609794353327979","0.000354012935640168","0.42157628225709487","1190.849937431667"
"rq1_full_pipeline_hypersim_100_scenes_4000_samples_join_null_A-20260518-225144","rgb_joint_with_depth-depth_joint_with_rgb","layer_10","cka","0.5093040873766617","4000","rgb_joint_with_depth","depth_joint_with_rgb","0.004975124378109453","0.004830230388455728","0.00037576191775264104","0.5044738569882059","1342.5358801801044"
"rq1_full_pipeline_hypersim_100_scenes_4000_samples_join_null_A-20260518-225144","rgb_joint_with_depth-depth_joint_with_rgb","layer_11","cka","0.5181153348625273","4000","rgb_joint_with_depth","depth_joint_with_rgb","0.004975124378109453","0.00592233848608353","0.0003852558075971499","0.5121929963764438","1329.4880603384133"
"rq1_full_pipeline_hypersim_100_scenes_4000_samples_join_null_A-20260518-225144","rgb_joint_with_depth-depth_joint_with_rgb","layer_00","pwcca","0.3621883215521005","4000","rgb_joint_with_depth","depth_joint_with_rgb","0.004975124378109453","0.10752074497131675","0.0018152143566720956","0.25466757658078376","140.29614499506047"
"rq1_full_pipeline_hypersim_100_scenes_4000_samples_join_null_A-20260518-225144","rgb_joint_with_depth-depth_joint_with_rgb","layer_01","pwcca","0.5232335021526018","4000","rgb_joint_with_depth","depth_joint_with_rgb","0.004975124378109453","0.10786169053643771","0.0018194216262524161","0.4153718116161641","228.29882069266873"
"rq1_full_pipeline_hypersim_100_scenes_4000_samples_join_null_A-20260518-225144","rgb_joint_with_depth-depth_joint_with_rgb","layer_02","pwcca","0.49160226604535245","4000","rgb_joint_with_depth","depth_joint_with_rgb","0.004975124378109453","0.10795944360186543","0.0015515616020004288","0.383642822443487","247.2623851665678"
"rq1_full_pipeline_hypersim_100_scenes_4000_samples_join_null_A-20260518-225144","rgb_joint_with_depth-depth_joint_with_rgb","layer_03","pwcca","0.5610726558027281","4000","rgb_joint_with_depth","depth_joint_with_rgb","0.004975124378109453","0.10796021084200773","0.001446112942140629","0.4531124449607204","313.3312978238023"
"rq1_full_pipeline_hypersim_100_scenes_4000_samples_join_null_A-20260518-225144","rgb_joint_with_depth-depth_joint_with_rgb","layer_04","pwcca","0.5728662225407769","4000","rgb_joint_with_depth","depth_joint_with_rgb","0.004975124378109453","0.1078229935163465","0.0014730029560413177","0.4650432290244304","315.7109950914355"
"rq1_full_pipeline_hypersim_100_scenes_4000_samples_join_null_A-20260518-225144","rgb_joint_with_depth-depth_joint_with_rgb","layer_05","pwcca","0.6214875204728779","4000","rgb_joint_with_depth","depth_joint_with_rgb","0.004975124378109453","0.10805712830494421","0.0014874509546234978","0.5134303921679337","345.1746698417312"
"rq1_full_pipeline_hypersim_100_scenes_4000_samples_join_null_A-20260518-225144","rgb_joint_with_depth-depth_joint_with_rgb","layer_06","pwcca","0.6674311363717494","4000","rgb_joint_with_depth","depth_joint_with_rgb","0.004975124378109453","0.1082273043930408","0.001331380708759368","0.5592038319787086","420.0179770516551"
"rq1_full_pipeline_hypersim_100_scenes_4000_samples_join_null_A-20260518-225144","rgb_joint_with_depth-depth_joint_with_rgb","layer_07","pwcca","0.7332080712259665","4000","rgb_joint_with_depth","depth_joint_with_rgb","0.004975124378109453","0.10843186783641262","0.0012747165755195363","0.6247762033895539","490.12950438407364"
"rq1_full_pipeline_hypersim_100_scenes_4000_samples_join_null_A-20260518-225144","rgb_joint_with_depth-depth_joint_with_rgb","layer_08","pwcca","0.7419504122664645","4000","rgb_joint_with_depth","depth_joint_with_rgb","0.004975124378109453","0.10846968504252721","0.0014228103941524154","0.6334807272239373","445.23200689808647"
"rq1_full_pipeline_hypersim_100_scenes_4000_samples_join_null_A-20260518-225144","rgb_joint_with_depth-depth_joint_with_rgb","layer_09","pwcca","0.7599071761295341","4000","rgb_joint_with_depth","depth_joint_with_rgb","0.004975124378109453","0.10849119044137477","0.0012374951029085457","0.6514159856881593","526.3988392011445"
"rq1_full_pipeline_hypersim_100_scenes_4000_samples_join_null_A-20260518-225144","rgb_joint_with_depth-depth_joint_with_rgb","layer_10","pwcca","0.7630099293928414","4000","rgb_joint_with_depth","depth_joint_with_rgb","0.004975124378109453","0.10909226267624335","0.0012597764543843106","0.653917666716598","519.0743678696444"
"rq1_full_pipeline_hypersim_100_scenes_4000_samples_join_null_A-20260518-225144","rgb_joint_with_depth-depth_joint_with_rgb","layer_11","pwcca","0.7067686304817812","4000","rgb_joint_with_depth","depth_joint_with_rgb","0.004975124378109453","0.10884406041491142","0.0013464321112139823","0.5979245700668697","444.0807413065658"
"rq1_full_pipeline_hypersim_100_scenes_4000_samples_join_null_A-20260518-225144","rgb_joint_with_depth-depth_joint_with_rgb","layer_00","knn_overlap","0.10952500000000001","4000","rgb_joint_with_depth","depth_joint_with_rgb","0.004975124378109453","0.002590125","0.00029497772691340613","0.10693487500000001","362.5184725604448"
"rq1_full_pipeline_hypersim_100_scenes_4000_samples_join_null_A-20260518-225144","rgb_joint_with_depth-depth_joint_with_rgb","layer_01","knn_overlap","0.228825","4000","rgb_joint_with_depth","depth_joint_with_rgb","0.004975124378109453","0.00257975","0.0003070055984831547","0.22624525","736.9417727814302"
"rq1_full_pipeline_hypersim_100_scenes_4000_samples_join_null_A-20260518-225144","rgb_joint_with_depth-depth_joint_with_rgb","layer_02","knn_overlap","0.253425","4000","rgb_joint_with_depth","depth_joint_with_rgb","0.004975124378109453","0.002644","0.00029103522123619335","0.25078100000000003","861.6860836801451"
"rq1_full_pipeline_hypersim_100_scenes_4000_samples_join_null_A-20260518-225144","rgb_joint_with_depth-depth_joint_with_rgb","layer_03","knn_overlap","0.287225","4000","rgb_joint_with_depth","depth_joint_with_rgb","0.004975124378109453","0.0026242500000000003","0.0002828748619089367","0.28460075","1006.1012423635541"
"rq1_full_pipeline_hypersim_100_scenes_4000_samples_join_null_A-20260518-225144","rgb_joint_with_depth-depth_joint_with_rgb","layer_04","knn_overlap","0.3102","4000","rgb_joint_with_depth","depth_joint_with_rgb","0.004975124378109453","0.002671125","0.0003239608145671325","0.307528875","949.2780026834777"
"rq1_full_pipeline_hypersim_100_scenes_4000_samples_join_null_A-20260518-225144","rgb_joint_with_depth-depth_joint_with_rgb","layer_05","knn_overlap","0.3538","4000","rgb_joint_with_depth","depth_joint_with_rgb","0.004975124378109453","0.002631","0.00029646078998747877","0.351169","1184.5377596640415"
"rq1_full_pipeline_hypersim_100_scenes_4000_samples_join_null_A-20260518-225144","rgb_joint_with_depth-depth_joint_with_rgb","layer_06","knn_overlap","0.404925","4000","rgb_joint_with_depth","depth_joint_with_rgb","0.004975124378109453","0.0027102499999999996","0.00031254189719140055","0.40221474999999995","1286.9146620482813"
"rq1_full_pipeline_hypersim_100_scenes_4000_samples_join_null_A-20260518-225144","rgb_joint_with_depth-depth_joint_with_rgb","layer_07","knn_overlap","0.464875","4000","rgb_joint_with_depth","depth_joint_with_rgb","0.004975124378109453","0.0027165","0.00029814467964396076","0.46215849999999997","1550.1148655474976"
"rq1_full_pipeline_hypersim_100_scenes_4000_samples_join_null_A-20260518-225144","rgb_joint_with_depth-depth_joint_with_rgb","layer_08","knn_overlap","0.51015","4000","rgb_joint_with_depth","depth_joint_with_rgb","0.004975124378109453","0.002727625","0.00029302727582086963","0.507422375","1731.655777021222"
"rq1_full_pipeline_hypersim_100_scenes_4000_samples_join_null_A-20260518-225144","rgb_joint_with_depth-depth_joint_with_rgb","layer_09","knn_overlap","0.5504249999999999","4000","rgb_joint_with_depth","depth_joint_with_rgb","0.004975124378109453","0.002719875","0.0002949819644910515","0.5477051249999999","1856.7410585422924"
"rq1_full_pipeline_hypersim_100_scenes_4000_samples_join_null_A-20260518-225144","rgb_joint_with_depth-depth_joint_with_rgb","layer_10","knn_overlap","0.5775750000000001","4000","rgb_joint_with_depth","depth_joint_with_rgb","0.004975124378109453","0.002731625","0.0002794914746016415","0.574843375","2056.7474403980405"
"rq1_full_pipeline_hypersim_100_scenes_4000_samples_join_null_A-20260518-225144","rgb_joint_with_depth-depth_joint_with_rgb","layer_11","knn_overlap","0.5114","4000","rgb_joint_with_depth","depth_joint_with_rgb","0.004975124378109453","0.002774875","0.00032687437858449535","0.508625125","1556.0262850902002"
"rq1_full_pipeline_hypersim_100_scenes_4000_samples_join_null_A-20260518-225144","rgb_joint_with_normals-normals_joint_with_rgb","layer_00","cka","0.17578573630112426","4000","rgb_joint_with_normals","normals_joint_with_rgb","0.004975124378109453","0.0008597074633416601","0.00029633027481382884","0.1749260288377826","590.3076523236813"
"rq1_full_pipeline_hypersim_100_scenes_4000_samples_join_null_A-20260518-225144","rgb_joint_with_normals-normals_joint_with_rgb","layer_01","cka","0.21469718044781755","4000","rgb_joint_with_normals","normals_joint_with_rgb","0.004975124378109453","0.000886258157085828","0.0003753311140794371","0.21381092229073173","569.6594667221743"
"rq1_full_pipeline_hypersim_100_scenes_4000_samples_join_null_A-20260518-225144","rgb_joint_with_normals-normals_joint_with_rgb","layer_02","cka","0.1796407736461827","4000","rgb_joint_with_normals","normals_joint_with_rgb","0.004975124378109453","0.0009512814280141793","0.0003842706577735194","0.17868949221816852","465.0094630006441"
"rq1_full_pipeline_hypersim_100_scenes_4000_samples_join_null_A-20260518-225144","rgb_joint_with_normals-normals_joint_with_rgb","layer_03","cka","0.2760629969939063","4000","rgb_joint_with_normals","normals_joint_with_rgb","0.004975124378109453","0.0011469462768903358","0.00036374036986010807","0.27491605071701597","755.8029668874717"
"rq1_full_pipeline_hypersim_100_scenes_4000_samples_join_null_A-20260518-225144","rgb_joint_with_normals-normals_joint_with_rgb","layer_04","cka","0.30953715984896474","4000","rgb_joint_with_normals","normals_joint_with_rgb","0.004975124378109453","0.0012574371586838982","0.0003487446905401999","0.30827972269028087","883.96965187559"
"rq1_full_pipeline_hypersim_100_scenes_4000_samples_join_null_A-20260518-225144","rgb_joint_with_normals-normals_joint_with_rgb","layer_05","cka","0.27276383084847644","4000","rgb_joint_with_normals","normals_joint_with_rgb","0.004975124378109453","0.0015361498076476635","0.0003608362551578124","0.2712276810408288","751.6641611364879"
"rq1_full_pipeline_hypersim_100_scenes_4000_samples_join_null_A-20260518-225144","rgb_joint_with_normals-normals_joint_with_rgb","layer_06","cka","0.37325052969978606","4000","rgb_joint_with_normals","normals_joint_with_rgb","0.004975124378109453","0.0018165623306563691","0.00035732628744676196","0.3714339673691297","1039.4812260334181"
"rq1_full_pipeline_hypersim_100_scenes_4000_samples_join_null_A-20260518-225144","rgb_joint_with_normals-normals_joint_with_rgb","layer_07","cka","0.41902856084566187","4000","rgb_joint_with_normals","normals_joint_with_rgb","0.004975124378109453","0.0023689061589111018","0.0003529431414340577","0.41665965468675076","1180.5291158054633"
"rq1_full_pipeline_hypersim_100_scenes_4000_samples_join_null_A-20260518-225144","rgb_joint_with_normals-normals_joint_with_rgb","layer_08","cka","0.44231758693781287","4000","rgb_joint_with_normals","normals_joint_with_rgb","0.004975124378109453","0.0029979819723417096","0.00035260179112580063","0.4393196049654712","1245.9369635156831"
"rq1_full_pipeline_hypersim_100_scenes_4000_samples_join_null_A-20260518-225144","rgb_joint_with_normals-normals_joint_with_rgb","layer_09","cka","0.4894087622281302","4000","rgb_joint_with_normals","normals_joint_with_rgb","0.004975124378109453","0.0036818131161938995","0.00036296503125527303","0.48572694911193626","1338.2196831251351"
"rq1_full_pipeline_hypersim_100_scenes_4000_samples_join_null_A-20260518-225144","rgb_joint_with_normals-normals_joint_with_rgb","layer_10","cka","0.5082305312591592","4000","rgb_joint_with_normals","normals_joint_with_rgb","0.004975124378109453","0.004517531340933096","0.00038920091186074807","0.503712999918226","1294.2235862449602"
"rq1_full_pipeline_hypersim_100_scenes_4000_samples_join_null_A-20260518-225144","rgb_joint_with_normals-normals_joint_with_rgb","layer_11","cka","0.4664748031016619","4000","rgb_joint_with_normals","normals_joint_with_rgb","0.004975124378109453","0.005061424056535251","0.0004099545687594538","0.46141337904512664","1125.523202342616"
"rq1_full_pipeline_hypersim_100_scenes_4000_samples_join_null_A-20260518-225144","rgb_joint_with_normals-normals_joint_with_rgb","layer_00","pwcca","0.36063571857344356","4000","rgb_joint_with_normals","normals_joint_with_rgb","0.004975124378109453","0.1074467287788365","0.001770236389737448","0.2531889897946071","143.02552543966104"
"rq1_full_pipeline_hypersim_100_scenes_4000_samples_join_null_A-20260518-225144","rgb_joint_with_normals-normals_joint_with_rgb","layer_01","pwcca","0.5549375131974372","4000","rgb_joint_with_normals","normals_joint_with_rgb","0.004975124378109453","0.10756903049990565","0.0016953661396548667","0.4473684826975316","263.8772075444449"
"rq1_full_pipeline_hypersim_100_scenes_4000_samples_join_null_A-20260518-225144","rgb_joint_with_normals-normals_joint_with_rgb","layer_02","pwcca","0.5961227853990719","4000","rgb_joint_with_normals","normals_joint_with_rgb","0.004975124378109453","0.10773429775686222","0.0016739899667608893","0.4883884876422097","291.75114387765655"
"rq1_full_pipeline_hypersim_100_scenes_4000_samples_join_null_A-20260518-225144","rgb_joint_with_normals-normals_joint_with_rgb","layer_03","pwcca","0.6808420102396413","4000","rgb_joint_with_normals","normals_joint_with_rgb","0.004975124378109453","0.10801500934598235","0.0014400457324872994","0.5728270008936589","397.78389531022134"
"rq1_full_pipeline_hypersim_100_scenes_4000_samples_join_null_A-20260518-225144","rgb_joint_with_normals-normals_joint_with_rgb","layer_04","pwcca","0.6775661094816491","4000","rgb_joint_with_normals","normals_joint_with_rgb","0.004975124378109453","0.10802588916030988","0.0016750418472778917","0.5695402203213392","340.0155173716396"
"rq1_full_pipeline_hypersim_100_scenes_4000_samples_join_null_A-20260518-225144","rgb_joint_with_normals-normals_joint_with_rgb","layer_05","pwcca","0.7124267594390219","4000","rgb_joint_with_normals","normals_joint_with_rgb","0.004975124378109453","0.10803563145177728","0.001409031009712813","0.6043911279872446","428.94096994389844"
"rq1_full_pipeline_hypersim_100_scenes_4000_samples_join_null_A-20260518-225144","rgb_joint_with_normals-normals_joint_with_rgb","layer_06","pwcca","0.7439210293563053","4000","rgb_joint_with_normals","normals_joint_with_rgb","0.004975124378109453","0.10803240656826048","0.001338258206732918","0.6358886227880448","475.16138484249313"
"rq1_full_pipeline_hypersim_100_scenes_4000_samples_join_null_A-20260518-225144","rgb_joint_with_normals-normals_joint_with_rgb","layer_07","pwcca","0.7884561685228179","4000","rgb_joint_with_normals","normals_joint_with_rgb","0.004975124378109453","0.10832307528575463","0.0012865198625573537","0.6801330932370633","528.6611680328741"
"rq1_full_pipeline_hypersim_100_scenes_4000_samples_join_null_A-20260518-225144","rgb_joint_with_normals-normals_joint_with_rgb","layer_08","pwcca","0.7779921479331542","4000","rgb_joint_with_normals","normals_joint_with_rgb","0.004975124378109453","0.10840096423809475","0.0014571826896264714","0.6695911836950594","459.51080016377347"
"rq1_full_pipeline_hypersim_100_scenes_4000_samples_join_null_A-20260518-225144","rgb_joint_with_normals-normals_joint_with_rgb","layer_09","pwcca","0.7844039288061824","4000","rgb_joint_with_normals","normals_joint_with_rgb","0.004975124378109453","0.1084948952538818","0.001368099890914599","0.6759090335523006","494.04947551047854"
"rq1_full_pipeline_hypersim_100_scenes_4000_samples_join_null_A-20260518-225144","rgb_joint_with_normals-normals_joint_with_rgb","layer_10","pwcca","0.7841452810859504","4000","rgb_joint_with_normals","normals_joint_with_rgb","0.004975124378109453","0.10882507783254916","0.0013549697436910598","0.6753202032534013","498.40242293069076"
"rq1_full_pipeline_hypersim_100_scenes_4000_samples_join_null_A-20260518-225144","rgb_joint_with_normals-normals_joint_with_rgb","layer_11","pwcca","0.7270972946208134","4000","rgb_joint_with_normals","normals_joint_with_rgb","0.004975124378109453","0.10860137480355622","0.001392018112068673","0.6184959198172572","444.31600024091114"
"rq1_full_pipeline_hypersim_100_scenes_4000_samples_join_null_A-20260518-225144","rgb_joint_with_normals-normals_joint_with_rgb","layer_00","knn_overlap","0.10149999999999999","4000","rgb_joint_with_normals","normals_joint_with_rgb","0.004975124378109453","0.0025563749999999996","0.0003012681270479836","0.098943625","328.4238062934584"
"rq1_full_pipeline_hypersim_100_scenes_4000_samples_join_null_A-20260518-225144","rgb_joint_with_normals-normals_joint_with_rgb","layer_01","knn_overlap","0.202425","4000","rgb_joint_with_normals","normals_joint_with_rgb","0.004975124378109453","0.002577875","0.00029596428733041425","0.199847125","675.2406744834415"
"rq1_full_pipeline_hypersim_100_scenes_4000_samples_join_null_A-20260518-225144","rgb_joint_with_normals-normals_joint_with_rgb","layer_02","knn_overlap","0.2334","4000","rgb_joint_with_normals","normals_joint_with_rgb","0.004975124378109453","0.002562875","0.00028042353570091084","0.230837125","823.17314922597"
"rq1_full_pipeline_hypersim_100_scenes_4000_samples_join_null_A-20260518-225144","rgb_joint_with_normals-normals_joint_with_rgb","layer_03","knn_overlap","0.28885","4000","rgb_joint_with_normals","normals_joint_with_rgb","0.004975124378109453","0.0026159999999999994","0.0002948414828344207","0.286234","970.8064050157603"
"rq1_full_pipeline_hypersim_100_scenes_4000_samples_join_null_A-20260518-225144","rgb_joint_with_normals-normals_joint_with_rgb","layer_04","knn_overlap","0.29685","4000","rgb_joint_with_normals","normals_joint_with_rgb","0.004975124378109453","0.002642375","0.00027173283639449984","0.29420762500000003","1082.7091377829342"
"rq1_full_pipeline_hypersim_100_scenes_4000_samples_join_null_A-20260518-225144","rgb_joint_with_normals-normals_joint_with_rgb","layer_05","knn_overlap","0.3241","4000","rgb_joint_with_normals","normals_joint_with_rgb","0.004975124378109453","0.00265125","0.00030741614710356384","0.32144875","1045.6469285320552"
"rq1_full_pipeline_hypersim_100_scenes_4000_samples_join_null_A-20260518-225144","rgb_joint_with_normals-normals_joint_with_rgb","layer_06","knn_overlap","0.38722500000000004","4000","rgb_joint_with_normals","normals_joint_with_rgb","0.004975124378109453","0.0026414999999999998","0.0003075451186411516","0.3845835","1250.4945671036255"
"rq1_full_pipeline_hypersim_100_scenes_4000_samples_join_null_A-20260518-225144","rgb_joint_with_normals-normals_joint_with_rgb","layer_07","knn_overlap","0.45535","4000","rgb_joint_with_normals","normals_joint_with_rgb","0.004975124378109453","0.00265675","0.00030320898321124984","0.45269325","1493.0073812641706"
"rq1_full_pipeline_hypersim_100_scenes_4000_samples_join_null_A-20260518-225144","rgb_joint_with_normals-normals_joint_with_rgb","layer_08","knn_overlap","0.49087500000000006","4000","rgb_joint_with_normals","normals_joint_with_rgb","0.004975124378109453","0.0026983749999999994","0.0003098797902009745","0.4881766250000001","1575.37419488825"
"rq1_full_pipeline_hypersim_100_scenes_4000_samples_join_null_A-20260518-225144","rgb_joint_with_normals-normals_joint_with_rgb","layer_09","knn_overlap","0.51935","4000","rgb_joint_with_normals","normals_joint_with_rgb","0.004975124378109453","0.002746","0.0003111916611993323","0.516604","1660.0830433855738"
"rq1_full_pipeline_hypersim_100_scenes_4000_samples_join_null_A-20260518-225144","rgb_joint_with_normals-normals_joint_with_rgb","layer_10","knn_overlap","0.522825","4000","rgb_joint_with_normals","normals_joint_with_rgb","0.004975124378109453","0.002780375","0.00030865512206182486","0.520044625","1684.872817033093"
"rq1_full_pipeline_hypersim_100_scenes_4000_samples_join_null_A-20260518-225144","rgb_joint_with_normals-normals_joint_with_rgb","layer_11","knn_overlap","0.439025","4000","rgb_joint_with_normals","normals_joint_with_rgb","0.004975124378109453","0.0026855","0.00027715474017234485","0.4363395","1574.3533728799598"