"run_id"                                                                        , "pair"                                             , "layer"   , "metric"     , "value"               , "n_samples", "left_modality"           , "right_modality"          , "reduction_used", "k"
"rq1_full_pipeline_hypersim_100_scenes_4000_samples_join_null_A-20260518-225144", "depth-depth_joint_with_normals"                   , "layer_00", "cka"        , "0.9989992569785445"  , "4000"     , "depth"                   , "depth_joint_with_normals", "false"         , "null"
"rq1_full_pipeline_hypersim_100_scenes_4000_samples_join_null_A-20260518-225144", "depth-depth_joint_with_normals"                   , "layer_01", "cka"        , "0.9944407343827103"  , "4000"     , "depth"                   , "depth_joint_with_normals", "false"         , "null"
"rq1_full_pipeline_hypersim_100_scenes_4000_samples_join_null_A-20260518-225144", "depth-depth_joint_with_normals"                   , "layer_02", "cka"        , "0.9923091598907243"  , "4000"     , "depth"                   , "depth_joint_with_normals", "false"         , "null"
"rq1_full_pipeline_hypersim_100_scenes_4000_samples_join_null_A-20260518-225144", "depth-depth_joint_with_normals"                   , "layer_03", "cka"        , "0.9812387146154662"  , "4000"     , "depth"                   , "depth_joint_with_normals", "false"         , "null"
"rq1_full_pipeline_hypersim_100_scenes_4000_samples_join_null_A-20260518-225144", "depth-depth_joint_with_normals"                   , "layer_04", "cka"        , "0.9771246193825799"  , "4000"     , "depth"                   , "depth_joint_with_normals", "false"         , "null"
"rq1_full_pipeline_hypersim_100_scenes_4000_samples_join_null_A-20260518-225144", "depth-depth_joint_with_normals"                   , "layer_05", "cka"        , "0.9726875682015221"  , "4000"     , "depth"                   , "depth_joint_with_normals", "false"         , "null"
"rq1_full_pipeline_hypersim_100_scenes_4000_samples_join_null_A-20260518-225144", "depth-depth_joint_with_normals"                   , "layer_06", "cka"        , "0.9648882642869157"  , "4000"     , "depth"                   , "depth_joint_with_normals", "false"         , "null"
"rq1_full_pipeline_hypersim_100_scenes_4000_samples_join_null_A-20260518-225144", "depth-depth_joint_with_normals"                   , "layer_07", "cka"        , "0.9468641589114437"  , "4000"     , "depth"                   , "depth_joint_with_normals", "false"         , "null"
"rq1_full_pipeline_hypersim_100_scenes_4000_samples_join_null_A-20260518-225144", "depth-depth_joint_with_normals"                   , "layer_08", "cka"        , "0.9313103106431432"  , "4000"     , "depth"                   , "depth_joint_with_normals", "false"         , "null"
"rq1_full_pipeline_hypersim_100_scenes_4000_samples_join_null_A-20260518-225144", "depth-depth_joint_with_normals"                   , "layer_09", "cka"        , "0.9021501096057736"  , "4000"     , "depth"                   , "depth_joint_with_normals", "false"         , "null"
"rq1_full_pipeline_hypersim_100_scenes_4000_samples_join_null_A-20260518-225144", "depth-depth_joint_with_normals"                   , "layer_10", "cka"        , "0.8586379442868063"  , "4000"     , "depth"                   , "depth_joint_with_normals", "false"         , "null"
"rq1_full_pipeline_hypersim_100_scenes_4000_samples_join_null_A-20260518-225144", "depth-depth_joint_with_normals"                   , "layer_11", "cka"        , "0.8331793584776955"  , "4000"     , "depth"                   , "depth_joint_with_normals", "false"         , "null"
"rq1_full_pipeline_hypersim_100_scenes_4000_samples_join_null_A-20260518-225144", "depth-depth_joint_with_normals"                   , "layer_00", "pwcca"      , "0.866733720891945"   , "4000"     , "depth"                   , "depth_joint_with_normals", "true"          , "null"
"rq1_full_pipeline_hypersim_100_scenes_4000_samples_join_null_A-20260518-225144", "depth-depth_joint_with_normals"                   , "layer_01", "pwcca"      , "0.8476626102982694"  , "4000"     , "depth"                   , "depth_joint_with_normals", "true"          , "null"
"rq1_full_pipeline_hypersim_100_scenes_4000_samples_join_null_A-20260518-225144", "depth-depth_joint_with_normals"                   , "layer_02", "pwcca"      , "0.8751636369479061"  , "4000"     , "depth"                   , "depth_joint_with_normals", "true"          , "null"
"rq1_full_pipeline_hypersim_100_scenes_4000_samples_join_null_A-20260518-225144", "depth-depth_joint_with_normals"                   , "layer_03", "pwcca"      , "0.8353102782533364"  , "4000"     , "depth"                   , "depth_joint_with_normals", "true"          , "null"
"rq1_full_pipeline_hypersim_100_scenes_4000_samples_join_null_A-20260518-225144", "depth-depth_joint_with_normals"                   , "layer_04", "pwcca"      , "0.8281924454386274"  , "4000"     , "depth"                   , "depth_joint_with_normals", "true"          , "null"
"rq1_full_pipeline_hypersim_100_scenes_4000_samples_join_null_A-20260518-225144", "depth-depth_joint_with_normals"                   , "layer_05", "pwcca"      , "0.8185074258180716"  , "4000"     , "depth"                   , "depth_joint_with_normals", "true"          , "null"
"rq1_full_pipeline_hypersim_100_scenes_4000_samples_join_null_A-20260518-225144", "depth-depth_joint_with_normals"                   , "layer_06", "pwcca"      , "0.7973104066671838"  , "4000"     , "depth"                   , "depth_joint_with_normals", "true"          , "null"
"rq1_full_pipeline_hypersim_100_scenes_4000_samples_join_null_A-20260518-225144", "depth-depth_joint_with_normals"                   , "layer_07", "pwcca"      , "0.7808385004205776"  , "4000"     , "depth"                   , "depth_joint_with_normals", "true"          , "null"
"rq1_full_pipeline_hypersim_100_scenes_4000_samples_join_null_A-20260518-225144", "depth-depth_joint_with_normals"                   , "layer_08", "pwcca"      , "0.7657668011123105"  , "4000"     , "depth"                   , "depth_joint_with_normals", "true"          , "null"
"rq1_full_pipeline_hypersim_100_scenes_4000_samples_join_null_A-20260518-225144", "depth-depth_joint_with_normals"                   , "layer_09", "pwcca"      , "0.7469228237986651"  , "4000"     , "depth"                   , "depth_joint_with_normals", "true"          , "null"
"rq1_full_pipeline_hypersim_100_scenes_4000_samples_join_null_A-20260518-225144", "depth-depth_joint_with_normals"                   , "layer_10", "pwcca"      , "0.718382640252862"   , "4000"     , "depth"                   , "depth_joint_with_normals", "true"          , "null"
"rq1_full_pipeline_hypersim_100_scenes_4000_samples_join_null_A-20260518-225144", "depth-depth_joint_with_normals"                   , "layer_11", "pwcca"      , "0.7142528964594678"  , "4000"     , "depth"                   , "depth_joint_with_normals", "true"          , "null"
"rq1_full_pipeline_hypersim_100_scenes_4000_samples_join_null_A-20260518-225144", "depth-depth_joint_with_normals"                   , "layer_00", "knn_overlap", "0.76295"             , "4000"     , "depth"                   , "depth_joint_with_normals", "true"          , "10"
"rq1_full_pipeline_hypersim_100_scenes_4000_samples_join_null_A-20260518-225144", "depth-depth_joint_with_normals"                   , "layer_01", "knn_overlap", "0.6942"              , "4000"     , "depth"                   , "depth_joint_with_normals", "true"          , "10"
"rq1_full_pipeline_hypersim_100_scenes_4000_samples_join_null_A-20260518-225144", "depth-depth_joint_with_normals"                   , "layer_02", "knn_overlap", "0.713225"            , "4000"     , "depth"                   , "depth_joint_with_normals", "true"          , "10"
"rq1_full_pipeline_hypersim_100_scenes_4000_samples_join_null_A-20260518-225144", "depth-depth_joint_with_normals"                   , "layer_03", "knn_overlap", "0.6186"              , "4000"     , "depth"                   , "depth_joint_with_normals", "true"          , "10"
"rq1_full_pipeline_hypersim_100_scenes_4000_samples_join_null_A-20260518-225144", "depth-depth_joint_with_normals"                   , "layer_04", "knn_overlap", "0.6056"              , "4000"     , "depth"                   , "depth_joint_with_normals", "true"          , "10"
"rq1_full_pipeline_hypersim_100_scenes_4000_samples_join_null_A-20260518-225144", "depth-depth_joint_with_normals"                   , "layer_05", "knn_overlap", "0.6061"              , "4000"     , "depth"                   , "depth_joint_with_normals", "true"          , "10"
"rq1_full_pipeline_hypersim_100_scenes_4000_samples_join_null_A-20260518-225144", "depth-depth_joint_with_normals"                   , "layer_06", "knn_overlap", "0.5858"              , "4000"     , "depth"                   , "depth_joint_with_normals", "true"          , "10"
"rq1_full_pipeline_hypersim_100_scenes_4000_samples_join_null_A-20260518-225144", "depth-depth_joint_with_normals"                   , "layer_07", "knn_overlap", "0.567"               , "4000"     , "depth"                   , "depth_joint_with_normals", "true"          , "10"
"rq1_full_pipeline_hypersim_100_scenes_4000_samples_join_null_A-20260518-225144", "depth-depth_joint_with_normals"                   , "layer_08", "knn_overlap", "0.56635"             , "4000"     , "depth"                   , "depth_joint_with_normals", "true"          , "10"
"rq1_full_pipeline_hypersim_100_scenes_4000_samples_join_null_A-20260518-225144", "depth-depth_joint_with_normals"                   , "layer_09", "knn_overlap", "0.53655"             , "4000"     , "depth"                   , "depth_joint_with_normals", "true"          , "10"
"rq1_full_pipeline_hypersim_100_scenes_4000_samples_join_null_A-20260518-225144", "depth-depth_joint_with_normals"                   , "layer_10", "knn_overlap", "0.5049"              , "4000"     , "depth"                   , "depth_joint_with_normals", "true"          , "10"
"rq1_full_pipeline_hypersim_100_scenes_4000_samples_join_null_A-20260518-225144", "depth-depth_joint_with_normals"                   , "layer_11", "knn_overlap", "0.46345000000000003" , "4000"     , "depth"                   , "depth_joint_with_normals", "true"          , "10"
"rq1_full_pipeline_hypersim_100_scenes_4000_samples_join_null_A-20260518-225144", "depth-depth_joint_with_rgb"                       , "layer_00", "cka"        , "0.9764619151351026"  , "4000"     , "depth"                   , "depth_joint_with_rgb"    , "false"         , "null"
"rq1_full_pipeline_hypersim_100_scenes_4000_samples_join_null_A-20260518-225144", "depth-depth_joint_with_rgb"                       , "layer_01", "cka"        , "0.9825305987316976"  , "4000"     , "depth"                   , "depth_joint_with_rgb"    , "false"         , "null"
"rq1_full_pipeline_hypersim_100_scenes_4000_samples_join_null_A-20260518-225144", "depth-depth_joint_with_rgb"                       , "layer_02", "cka"        , "0.9893214703320826"  , "4000"     , "depth"                   , "depth_joint_with_rgb"    , "false"         , "null"
"rq1_full_pipeline_hypersim_100_scenes_4000_samples_join_null_A-20260518-225144", "depth-depth_joint_with_rgb"                       , "layer_03", "cka"        , "0.9809113142637192"  , "4000"     , "depth"                   , "depth_joint_with_rgb"    , "false"         , "null"
"rq1_full_pipeline_hypersim_100_scenes_4000_samples_join_null_A-20260518-225144", "depth-depth_joint_with_rgb"                       , "layer_04", "cka"        , "0.975974008840454"   , "4000"     , "depth"                   , "depth_joint_with_rgb"    , "false"         , "null"
"rq1_full_pipeline_hypersim_100_scenes_4000_samples_join_null_A-20260518-225144", "depth-depth_joint_with_rgb"                       , "layer_05", "cka"        , "0.9696018019550714"  , "4000"     , "depth"                   , "depth_joint_with_rgb"    , "false"         , "null"
"rq1_full_pipeline_hypersim_100_scenes_4000_samples_join_null_A-20260518-225144", "depth-depth_joint_with_rgb"                       , "layer_06", "cka"        , "0.9587033310582644"  , "4000"     , "depth"                   , "depth_joint_with_rgb"    , "false"         , "null"
"rq1_full_pipeline_hypersim_100_scenes_4000_samples_join_null_A-20260518-225144", "depth-depth_joint_with_rgb"                       , "layer_07", "cka"        , "0.9406515439592185"  , "4000"     , "depth"                   , "depth_joint_with_rgb"    , "false"         , "null"
"rq1_full_pipeline_hypersim_100_scenes_4000_samples_join_null_A-20260518-225144", "depth-depth_joint_with_rgb"                       , "layer_08", "cka"        , "0.9308343449768739"  , "4000"     , "depth"                   , "depth_joint_with_rgb"    , "false"         , "null"
"rq1_full_pipeline_hypersim_100_scenes_4000_samples_join_null_A-20260518-225144", "depth-depth_joint_with_rgb"                       , "layer_09", "cka"        , "0.9230229998432145"  , "4000"     , "depth"                   , "depth_joint_with_rgb"    , "false"         , "null"
"rq1_full_pipeline_hypersim_100_scenes_4000_samples_join_null_A-20260518-225144", "depth-depth_joint_with_rgb"                       , "layer_10", "cka"        , "0.8888919318165114"  , "4000"     , "depth"                   , "depth_joint_with_rgb"    , "false"         , "null"
"rq1_full_pipeline_hypersim_100_scenes_4000_samples_join_null_A-20260518-225144", "depth-depth_joint_with_rgb"                       , "layer_11", "cka"        , "0.8561347414682987"  , "4000"     , "depth"                   , "depth_joint_with_rgb"    , "false"         , "null"
"rq1_full_pipeline_hypersim_100_scenes_4000_samples_join_null_A-20260518-225144", "depth-depth_joint_with_rgb"                       , "layer_00", "pwcca"      , "0.5485514110785545"  , "4000"     , "depth"                   , "depth_joint_with_rgb"    , "true"          , "null"
"rq1_full_pipeline_hypersim_100_scenes_4000_samples_join_null_A-20260518-225144", "depth-depth_joint_with_rgb"                       , "layer_01", "pwcca"      , "0.7356230535520607"  , "4000"     , "depth"                   , "depth_joint_with_rgb"    , "true"          , "null"
"rq1_full_pipeline_hypersim_100_scenes_4000_samples_join_null_A-20260518-225144", "depth-depth_joint_with_rgb"                       , "layer_02", "pwcca"      , "0.8275521187564145"  , "4000"     , "depth"                   , "depth_joint_with_rgb"    , "true"          , "null"
"rq1_full_pipeline_hypersim_100_scenes_4000_samples_join_null_A-20260518-225144", "depth-depth_joint_with_rgb"                       , "layer_03", "pwcca"      , "0.8162804728852109"  , "4000"     , "depth"                   , "depth_joint_with_rgb"    , "true"          , "null"
"rq1_full_pipeline_hypersim_100_scenes_4000_samples_join_null_A-20260518-225144", "depth-depth_joint_with_rgb"                       , "layer_04", "pwcca"      , "0.8270830681257149"  , "4000"     , "depth"                   , "depth_joint_with_rgb"    , "true"          , "null"
"rq1_full_pipeline_hypersim_100_scenes_4000_samples_join_null_A-20260518-225144", "depth-depth_joint_with_rgb"                       , "layer_05", "pwcca"      , "0.8167196164877172"  , "4000"     , "depth"                   , "depth_joint_with_rgb"    , "true"          , "null"
"rq1_full_pipeline_hypersim_100_scenes_4000_samples_join_null_A-20260518-225144", "depth-depth_joint_with_rgb"                       , "layer_06", "pwcca"      , "0.78310835067852"    , "4000"     , "depth"                   , "depth_joint_with_rgb"    , "true"          , "null"
"rq1_full_pipeline_hypersim_100_scenes_4000_samples_join_null_A-20260518-225144", "depth-depth_joint_with_rgb"                       , "layer_07", "pwcca"      , "0.7625340674595891"  , "4000"     , "depth"                   , "depth_joint_with_rgb"    , "true"          , "null"
"rq1_full_pipeline_hypersim_100_scenes_4000_samples_join_null_A-20260518-225144", "depth-depth_joint_with_rgb"                       , "layer_08", "pwcca"      , "0.7595558337180622"  , "4000"     , "depth"                   , "depth_joint_with_rgb"    , "true"          , "null"
"rq1_full_pipeline_hypersim_100_scenes_4000_samples_join_null_A-20260518-225144", "depth-depth_joint_with_rgb"                       , "layer_09", "pwcca"      , "0.7600366165051875"  , "4000"     , "depth"                   , "depth_joint_with_rgb"    , "true"          , "null"
"rq1_full_pipeline_hypersim_100_scenes_4000_samples_join_null_A-20260518-225144", "depth-depth_joint_with_rgb"                       , "layer_10", "pwcca"      , "0.7585565409329025"  , "4000"     , "depth"                   , "depth_joint_with_rgb"    , "true"          , "null"
"rq1_full_pipeline_hypersim_100_scenes_4000_samples_join_null_A-20260518-225144", "depth-depth_joint_with_rgb"                       , "layer_11", "pwcca"      , "0.7679813828332531"  , "4000"     , "depth"                   , "depth_joint_with_rgb"    , "true"          , "null"
"rq1_full_pipeline_hypersim_100_scenes_4000_samples_join_null_A-20260518-225144", "depth-depth_joint_with_rgb"                       , "layer_00", "knn_overlap", "0.3438"              , "4000"     , "depth"                   , "depth_joint_with_rgb"    , "true"          , "10"
"rq1_full_pipeline_hypersim_100_scenes_4000_samples_join_null_A-20260518-225144", "depth-depth_joint_with_rgb"                       , "layer_01", "knn_overlap", "0.4819"              , "4000"     , "depth"                   , "depth_joint_with_rgb"    , "true"          , "10"
"rq1_full_pipeline_hypersim_100_scenes_4000_samples_join_null_A-20260518-225144", "depth-depth_joint_with_rgb"                       , "layer_02", "knn_overlap", "0.627125"            , "4000"     , "depth"                   , "depth_joint_with_rgb"    , "true"          , "10"
"rq1_full_pipeline_hypersim_100_scenes_4000_samples_join_null_A-20260518-225144", "depth-depth_joint_with_rgb"                       , "layer_03", "knn_overlap", "0.616275"            , "4000"     , "depth"                   , "depth_joint_with_rgb"    , "true"          , "10"
"rq1_full_pipeline_hypersim_100_scenes_4000_samples_join_null_A-20260518-225144", "depth-depth_joint_with_rgb"                       , "layer_04", "knn_overlap", "0.60935"             , "4000"     , "depth"                   , "depth_joint_with_rgb"    , "true"          , "10"
"rq1_full_pipeline_hypersim_100_scenes_4000_samples_join_null_A-20260518-225144", "depth-depth_joint_with_rgb"                       , "layer_05", "knn_overlap", "0.5856250000000001"  , "4000"     , "depth"                   , "depth_joint_with_rgb"    , "true"          , "10"
"rq1_full_pipeline_hypersim_100_scenes_4000_samples_join_null_A-20260518-225144", "depth-depth_joint_with_rgb"                       , "layer_06", "knn_overlap", "0.572575"            , "4000"     , "depth"                   , "depth_joint_with_rgb"    , "true"          , "10"
"rq1_full_pipeline_hypersim_100_scenes_4000_samples_join_null_A-20260518-225144", "depth-depth_joint_with_rgb"                       , "layer_07", "knn_overlap", "0.556175"            , "4000"     , "depth"                   , "depth_joint_with_rgb"    , "true"          , "10"
"rq1_full_pipeline_hypersim_100_scenes_4000_samples_join_null_A-20260518-225144", "depth-depth_joint_with_rgb"                       , "layer_08", "knn_overlap", "0.5722"              , "4000"     , "depth"                   , "depth_joint_with_rgb"    , "true"          , "10"
"rq1_full_pipeline_hypersim_100_scenes_4000_samples_join_null_A-20260518-225144", "depth-depth_joint_with_rgb"                       , "layer_09", "knn_overlap", "0.595"               , "4000"     , "depth"                   , "depth_joint_with_rgb"    , "true"          , "10"
"rq1_full_pipeline_hypersim_100_scenes_4000_samples_join_null_A-20260518-225144", "depth-depth_joint_with_rgb"                       , "layer_10", "knn_overlap", "0.590675"            , "4000"     , "depth"                   , "depth_joint_with_rgb"    , "true"          , "10"
"rq1_full_pipeline_hypersim_100_scenes_4000_samples_join_null_A-20260518-225144", "depth-depth_joint_with_rgb"                       , "layer_11", "knn_overlap", "0.5447"              , "4000"     , "depth"                   , "depth_joint_with_rgb"    , "true"          , "10"
"rq1_full_pipeline_hypersim_100_scenes_4000_samples_join_null_A-20260518-225144", "depth-normals"                                    , "layer_00", "cka"        , "0.12656126294902303" , "4000"     , "depth"                   , "normals"                 , "false"         , "null"
"rq1_full_pipeline_hypersim_100_scenes_4000_samples_join_null_A-20260518-225144", "depth-normals"                                    , "layer_01", "cka"        , "0.1366042941741885"  , "4000"     , "depth"                   , "normals"                 , "false"         , "null"
"rq1_full_pipeline_hypersim_100_scenes_4000_samples_join_null_A-20260518-225144", "depth-normals"                                    , "layer_02", "cka"        , "0.17561907296767"    , "4000"     , "depth"                   , "normals"                 , "false"         , "null"
"rq1_full_pipeline_hypersim_100_scenes_4000_samples_join_null_A-20260518-225144", "depth-normals"                                    , "layer_03", "cka"        , "0.21316531609449446" , "4000"     , "depth"                   , "normals"                 , "false"         , "null"
"rq1_full_pipeline_hypersim_100_scenes_4000_samples_join_null_A-20260518-225144", "depth-normals"                                    , "layer_04", "cka"        , "0.2575522114952293"  , "4000"     , "depth"                   , "normals"                 , "false"         , "null"
"rq1_full_pipeline_hypersim_100_scenes_4000_samples_join_null_A-20260518-225144", "depth-normals"                                    , "layer_05", "cka"        , "0.3426963982400711"  , "4000"     , "depth"                   , "normals"                 , "false"         , "null"
"rq1_full_pipeline_hypersim_100_scenes_4000_samples_join_null_A-20260518-225144", "depth-normals"                                    , "layer_06", "cka"        , "0.3686743537761583"  , "4000"     , "depth"                   , "normals"                 , "false"         , "null"
"rq1_full_pipeline_hypersim_100_scenes_4000_samples_join_null_A-20260518-225144", "depth-normals"                                    , "layer_07", "cka"        , "0.39015568405012574" , "4000"     , "depth"                   , "normals"                 , "false"         , "null"
"rq1_full_pipeline_hypersim_100_scenes_4000_samples_join_null_A-20260518-225144", "depth-normals"                                    , "layer_08", "cka"        , "0.366922726575278"   , "4000"     , "depth"                   , "normals"                 , "false"         , "null"
"rq1_full_pipeline_hypersim_100_scenes_4000_samples_join_null_A-20260518-225144", "depth-normals"                                    , "layer_09", "cka"        , "0.355532533652325"   , "4000"     , "depth"                   , "normals"                 , "false"         , "null"
"rq1_full_pipeline_hypersim_100_scenes_4000_samples_join_null_A-20260518-225144", "depth-normals"                                    , "layer_10", "cka"        , "0.35984791092350593" , "4000"     , "depth"                   , "normals"                 , "false"         , "null"
"rq1_full_pipeline_hypersim_100_scenes_4000_samples_join_null_A-20260518-225144", "depth-normals"                                    , "layer_11", "cka"        , "0.33088843223073255" , "4000"     , "depth"                   , "normals"                 , "false"         , "null"
"rq1_full_pipeline_hypersim_100_scenes_4000_samples_join_null_A-20260518-225144", "depth-normals"                                    , "layer_00", "pwcca"      , "0.2875337867829567"  , "4000"     , "depth"                   , "normals"                 , "true"          , "null"
"rq1_full_pipeline_hypersim_100_scenes_4000_samples_join_null_A-20260518-225144", "depth-normals"                                    , "layer_01", "pwcca"      , "0.3569707601017279"  , "4000"     , "depth"                   , "normals"                 , "true"          , "null"
"rq1_full_pipeline_hypersim_100_scenes_4000_samples_join_null_A-20260518-225144", "depth-normals"                                    , "layer_02", "pwcca"      , "0.38153002623659477" , "4000"     , "depth"                   , "normals"                 , "true"          , "null"
"rq1_full_pipeline_hypersim_100_scenes_4000_samples_join_null_A-20260518-225144", "depth-normals"                                    , "layer_03", "pwcca"      , "0.3939429040478104"  , "4000"     , "depth"                   , "normals"                 , "true"          , "null"
"rq1_full_pipeline_hypersim_100_scenes_4000_samples_join_null_A-20260518-225144", "depth-normals"                                    , "layer_04", "pwcca"      , "0.4169195207844782"  , "4000"     , "depth"                   , "normals"                 , "true"          , "null"
"rq1_full_pipeline_hypersim_100_scenes_4000_samples_join_null_A-20260518-225144", "depth-normals"                                    , "layer_05", "pwcca"      , "0.4416185037653358"  , "4000"     , "depth"                   , "normals"                 , "true"          , "null"
"rq1_full_pipeline_hypersim_100_scenes_4000_samples_join_null_A-20260518-225144", "depth-normals"                                    , "layer_06", "pwcca"      , "0.46082924021168115" , "4000"     , "depth"                   , "normals"                 , "true"          , "null"
"rq1_full_pipeline_hypersim_100_scenes_4000_samples_join_null_A-20260518-225144", "depth-normals"                                    , "layer_07", "pwcca"      , "0.4601769389602982"  , "4000"     , "depth"                   , "normals"                 , "true"          , "null"
"rq1_full_pipeline_hypersim_100_scenes_4000_samples_join_null_A-20260518-225144", "depth-normals"                                    , "layer_08", "pwcca"      , "0.4515668114476791"  , "4000"     , "depth"                   , "normals"                 , "true"          , "null"
"rq1_full_pipeline_hypersim_100_scenes_4000_samples_join_null_A-20260518-225144", "depth-normals"                                    , "layer_09", "pwcca"      , "0.4443719687102171"  , "4000"     , "depth"                   , "normals"                 , "true"          , "null"
"rq1_full_pipeline_hypersim_100_scenes_4000_samples_join_null_A-20260518-225144", "depth-normals"                                    , "layer_10", "pwcca"      , "0.43028813060867643" , "4000"     , "depth"                   , "normals"                 , "true"          , "null"
"rq1_full_pipeline_hypersim_100_scenes_4000_samples_join_null_A-20260518-225144", "depth-normals"                                    , "layer_11", "pwcca"      , "0.41503368379498773" , "4000"     , "depth"                   , "normals"                 , "true"          , "null"
"rq1_full_pipeline_hypersim_100_scenes_4000_samples_join_null_A-20260518-225144", "depth-normals"                                    , "layer_00", "knn_overlap", "0.07055"             , "4000"     , "depth"                   , "normals"                 , "true"          , "10"
"rq1_full_pipeline_hypersim_100_scenes_4000_samples_join_null_A-20260518-225144", "depth-normals"                                    , "layer_01", "knn_overlap", "0.107375"            , "4000"     , "depth"                   , "normals"                 , "true"          , "10"
"rq1_full_pipeline_hypersim_100_scenes_4000_samples_join_null_A-20260518-225144", "depth-normals"                                    , "layer_02", "knn_overlap", "0.13779999999999998" , "4000"     , "depth"                   , "normals"                 , "true"          , "10"
"rq1_full_pipeline_hypersim_100_scenes_4000_samples_join_null_A-20260518-225144", "depth-normals"                                    , "layer_03", "knn_overlap", "0.153325"            , "4000"     , "depth"                   , "normals"                 , "true"          , "10"
"rq1_full_pipeline_hypersim_100_scenes_4000_samples_join_null_A-20260518-225144", "depth-normals"                                    , "layer_04", "knn_overlap", "0.173975"            , "4000"     , "depth"                   , "normals"                 , "true"          , "10"
"rq1_full_pipeline_hypersim_100_scenes_4000_samples_join_null_A-20260518-225144", "depth-normals"                                    , "layer_05", "knn_overlap", "0.189775"            , "4000"     , "depth"                   , "normals"                 , "true"          , "10"
"rq1_full_pipeline_hypersim_100_scenes_4000_samples_join_null_A-20260518-225144", "depth-normals"                                    , "layer_06", "knn_overlap", "0.20422500000000002" , "4000"     , "depth"                   , "normals"                 , "true"          , "10"
"rq1_full_pipeline_hypersim_100_scenes_4000_samples_join_null_A-20260518-225144", "depth-normals"                                    , "layer_07", "knn_overlap", "0.22515000000000002" , "4000"     , "depth"                   , "normals"                 , "true"          , "10"
"rq1_full_pipeline_hypersim_100_scenes_4000_samples_join_null_A-20260518-225144", "depth-normals"                                    , "layer_08", "knn_overlap", "0.2285"              , "4000"     , "depth"                   , "normals"                 , "true"          , "10"
"rq1_full_pipeline_hypersim_100_scenes_4000_samples_join_null_A-20260518-225144", "depth-normals"                                    , "layer_09", "knn_overlap", "0.22617500000000001" , "4000"     , "depth"                   , "normals"                 , "true"          , "10"
"rq1_full_pipeline_hypersim_100_scenes_4000_samples_join_null_A-20260518-225144", "depth-normals"                                    , "layer_10", "knn_overlap", "0.2232"              , "4000"     , "depth"                   , "normals"                 , "true"          , "10"
"rq1_full_pipeline_hypersim_100_scenes_4000_samples_join_null_A-20260518-225144", "depth-normals"                                    , "layer_11", "knn_overlap", "0.206325"            , "4000"     , "depth"                   , "normals"                 , "true"          , "10"
"rq1_full_pipeline_hypersim_100_scenes_4000_samples_join_null_A-20260518-225144", "depth_joint_with_normals-normals_joint_with_depth", "layer_00", "cka"        , "0.13432663619292484" , "4000"     , "depth_joint_with_normals", "normals_joint_with_depth", "false"         , "null"
"rq1_full_pipeline_hypersim_100_scenes_4000_samples_join_null_A-20260518-225144", "depth_joint_with_normals-normals_joint_with_depth", "layer_01", "cka"        , "0.289884590066153"   , "4000"     , "depth_joint_with_normals", "normals_joint_with_depth", "false"         , "null"
"rq1_full_pipeline_hypersim_100_scenes_4000_samples_join_null_A-20260518-225144", "depth_joint_with_normals-normals_joint_with_depth", "layer_02", "cka"        , "0.30877702084467235" , "4000"     , "depth_joint_with_normals", "normals_joint_with_depth", "false"         , "null"
"rq1_full_pipeline_hypersim_100_scenes_4000_samples_join_null_A-20260518-225144", "depth_joint_with_normals-normals_joint_with_depth", "layer_03", "cka"        , "0.3513918936476854"  , "4000"     , "depth_joint_with_normals", "normals_joint_with_depth", "false"         , "null"
"rq1_full_pipeline_hypersim_100_scenes_4000_samples_join_null_A-20260518-225144", "depth_joint_with_normals-normals_joint_with_depth", "layer_04", "cka"        , "0.38980453156914574" , "4000"     , "depth_joint_with_normals", "normals_joint_with_depth", "false"         , "null"
"rq1_full_pipeline_hypersim_100_scenes_4000_samples_join_null_A-20260518-225144", "depth_joint_with_normals-normals_joint_with_depth", "layer_05", "cka"        , "0.4457631776099469"  , "4000"     , "depth_joint_with_normals", "normals_joint_with_depth", "false"         , "null"
"rq1_full_pipeline_hypersim_100_scenes_4000_samples_join_null_A-20260518-225144", "depth_joint_with_normals-normals_joint_with_depth", "layer_06", "cka"        , "0.47381936398857405" , "4000"     , "depth_joint_with_normals", "normals_joint_with_depth", "false"         , "null"
"rq1_full_pipeline_hypersim_100_scenes_4000_samples_join_null_A-20260518-225144", "depth_joint_with_normals-normals_joint_with_depth", "layer_07", "cka"        , "0.517364969353714"   , "4000"     , "depth_joint_with_normals", "normals_joint_with_depth", "false"         , "null"
"rq1_full_pipeline_hypersim_100_scenes_4000_samples_join_null_A-20260518-225144", "depth_joint_with_normals-normals_joint_with_depth", "layer_08", "cka"        , "0.5606974014576264"  , "4000"     , "depth_joint_with_normals", "normals_joint_with_depth", "false"         , "null"
"rq1_full_pipeline_hypersim_100_scenes_4000_samples_join_null_A-20260518-225144", "depth_joint_with_normals-normals_joint_with_depth", "layer_09", "cka"        , "0.6152811848820274"  , "4000"     , "depth_joint_with_normals", "normals_joint_with_depth", "false"         , "null"
"rq1_full_pipeline_hypersim_100_scenes_4000_samples_join_null_A-20260518-225144", "depth_joint_with_normals-normals_joint_with_depth", "layer_10", "cka"        , "0.6085780200558348"  , "4000"     , "depth_joint_with_normals", "normals_joint_with_depth", "false"         , "null"
"rq1_full_pipeline_hypersim_100_scenes_4000_samples_join_null_A-20260518-225144", "depth_joint_with_normals-normals_joint_with_depth", "layer_11", "cka"        , "0.46522386327422766" , "4000"     , "depth_joint_with_normals", "normals_joint_with_depth", "false"         , "null"
"rq1_full_pipeline_hypersim_100_scenes_4000_samples_join_null_A-20260518-225144", "depth_joint_with_normals-normals_joint_with_depth", "layer_00", "pwcca"      , "0.6657354988595564"  , "4000"     , "depth_joint_with_normals", "normals_joint_with_depth", "true"          , "null"
"rq1_full_pipeline_hypersim_100_scenes_4000_samples_join_null_A-20260518-225144", "depth_joint_with_normals-normals_joint_with_depth", "layer_01", "pwcca"      , "0.7599633022034835"  , "4000"     , "depth_joint_with_normals", "normals_joint_with_depth", "true"          , "null"
"rq1_full_pipeline_hypersim_100_scenes_4000_samples_join_null_A-20260518-225144", "depth_joint_with_normals-normals_joint_with_depth", "layer_02", "pwcca"      , "0.7086583538682399"  , "4000"     , "depth_joint_with_normals", "normals_joint_with_depth", "true"          , "null"
"rq1_full_pipeline_hypersim_100_scenes_4000_samples_join_null_A-20260518-225144", "depth_joint_with_normals-normals_joint_with_depth", "layer_03", "pwcca"      , "0.7484208153888565"  , "4000"     , "depth_joint_with_normals", "normals_joint_with_depth", "true"          , "null"
"rq1_full_pipeline_hypersim_100_scenes_4000_samples_join_null_A-20260518-225144", "depth_joint_with_normals-normals_joint_with_depth", "layer_04", "pwcca"      , "0.7404373473616698"  , "4000"     , "depth_joint_with_normals", "normals_joint_with_depth", "true"          , "null"
"rq1_full_pipeline_hypersim_100_scenes_4000_samples_join_null_A-20260518-225144", "depth_joint_with_normals-normals_joint_with_depth", "layer_05", "pwcca"      , "0.7473647098992011"  , "4000"     , "depth_joint_with_normals", "normals_joint_with_depth", "true"          , "null"
"rq1_full_pipeline_hypersim_100_scenes_4000_samples_join_null_A-20260518-225144", "depth_joint_with_normals-normals_joint_with_depth", "layer_06", "pwcca"      , "0.7555414013247315"  , "4000"     , "depth_joint_with_normals", "normals_joint_with_depth", "true"          , "null"
"rq1_full_pipeline_hypersim_100_scenes_4000_samples_join_null_A-20260518-225144", "depth_joint_with_normals-normals_joint_with_depth", "layer_07", "pwcca"      , "0.7773556533210038"  , "4000"     , "depth_joint_with_normals", "normals_joint_with_depth", "true"          , "null"
"rq1_full_pipeline_hypersim_100_scenes_4000_samples_join_null_A-20260518-225144", "depth_joint_with_normals-normals_joint_with_depth", "layer_08", "pwcca"      , "0.7672490603978717"  , "4000"     , "depth_joint_with_normals", "normals_joint_with_depth", "true"          , "null"
"rq1_full_pipeline_hypersim_100_scenes_4000_samples_join_null_A-20260518-225144", "depth_joint_with_normals-normals_joint_with_depth", "layer_09", "pwcca"      , "0.7818519741255885"  , "4000"     , "depth_joint_with_normals", "normals_joint_with_depth", "true"          , "null"
"rq1_full_pipeline_hypersim_100_scenes_4000_samples_join_null_A-20260518-225144", "depth_joint_with_normals-normals_joint_with_depth", "layer_10", "pwcca"      , "0.766511936533708"   , "4000"     , "depth_joint_with_normals", "normals_joint_with_depth", "true"          , "null"
"rq1_full_pipeline_hypersim_100_scenes_4000_samples_join_null_A-20260518-225144", "depth_joint_with_normals-normals_joint_with_depth", "layer_11", "pwcca"      , "0.6988170165231904"  , "4000"     , "depth_joint_with_normals", "normals_joint_with_depth", "true"          , "null"
"rq1_full_pipeline_hypersim_100_scenes_4000_samples_join_null_A-20260518-225144", "depth_joint_with_normals-normals_joint_with_depth", "layer_00", "knn_overlap", "0.08562499999999999" , "4000"     , "depth_joint_with_normals", "normals_joint_with_depth", "true"          , "10"
"rq1_full_pipeline_hypersim_100_scenes_4000_samples_join_null_A-20260518-225144", "depth_joint_with_normals-normals_joint_with_depth", "layer_01", "knn_overlap", "0.18280000000000002" , "4000"     , "depth_joint_with_normals", "normals_joint_with_depth", "true"          , "10"
"rq1_full_pipeline_hypersim_100_scenes_4000_samples_join_null_A-20260518-225144", "depth_joint_with_normals-normals_joint_with_depth", "layer_02", "knn_overlap", "0.207775"            , "4000"     , "depth_joint_with_normals", "normals_joint_with_depth", "true"          , "10"
"rq1_full_pipeline_hypersim_100_scenes_4000_samples_join_null_A-20260518-225144", "depth_joint_with_normals-normals_joint_with_depth", "layer_03", "knn_overlap", "0.26"                , "4000"     , "depth_joint_with_normals", "normals_joint_with_depth", "true"          , "10"
"rq1_full_pipeline_hypersim_100_scenes_4000_samples_join_null_A-20260518-225144", "depth_joint_with_normals-normals_joint_with_depth", "layer_04", "knn_overlap", "0.27685"             , "4000"     , "depth_joint_with_normals", "normals_joint_with_depth", "true"          , "10"
"rq1_full_pipeline_hypersim_100_scenes_4000_samples_join_null_A-20260518-225144", "depth_joint_with_normals-normals_joint_with_depth", "layer_05", "knn_overlap", "0.290125"            , "4000"     , "depth_joint_with_normals", "normals_joint_with_depth", "true"          , "10"
"rq1_full_pipeline_hypersim_100_scenes_4000_samples_join_null_A-20260518-225144", "depth_joint_with_normals-normals_joint_with_depth", "layer_06", "knn_overlap", "0.31195"             , "4000"     , "depth_joint_with_normals", "normals_joint_with_depth", "true"          , "10"
"rq1_full_pipeline_hypersim_100_scenes_4000_samples_join_null_A-20260518-225144", "depth_joint_with_normals-normals_joint_with_depth", "layer_07", "knn_overlap", "0.3585"              , "4000"     , "depth_joint_with_normals", "normals_joint_with_depth", "true"          , "10"
"rq1_full_pipeline_hypersim_100_scenes_4000_samples_join_null_A-20260518-225144", "depth_joint_with_normals-normals_joint_with_depth", "layer_08", "knn_overlap", "0.37829999999999997" , "4000"     , "depth_joint_with_normals", "normals_joint_with_depth", "true"          , "10"
"rq1_full_pipeline_hypersim_100_scenes_4000_samples_join_null_A-20260518-225144", "depth_joint_with_normals-normals_joint_with_depth", "layer_09", "knn_overlap", "0.41150000000000003" , "4000"     , "depth_joint_with_normals", "normals_joint_with_depth", "true"          , "10"
"rq1_full_pipeline_hypersim_100_scenes_4000_samples_join_null_A-20260518-225144", "depth_joint_with_normals-normals_joint_with_depth", "layer_10", "knn_overlap", "0.41425"             , "4000"     , "depth_joint_with_normals", "normals_joint_with_depth", "true"          , "10"
"rq1_full_pipeline_hypersim_100_scenes_4000_samples_join_null_A-20260518-225144", "depth_joint_with_normals-normals_joint_with_depth", "layer_11", "knn_overlap", "0.32315"             , "4000"     , "depth_joint_with_normals", "normals_joint_with_depth", "true"          , "10"
"rq1_full_pipeline_hypersim_100_scenes_4000_samples_join_null_A-20260518-225144", "normals-normals_joint_with_depth"                 , "layer_00", "cka"        , "0.9941576734142965"  , "4000"     , "normals"                 , "normals_joint_with_depth", "false"         , "null"
"rq1_full_pipeline_hypersim_100_scenes_4000_samples_join_null_A-20260518-225144", "normals-normals_joint_with_depth"                 , "layer_01", "cka"        , "0.9846051944756281"  , "4000"     , "normals"                 , "normals_joint_with_depth", "false"         , "null"
"rq1_full_pipeline_hypersim_100_scenes_4000_samples_join_null_A-20260518-225144", "normals-normals_joint_with_depth"                 , "layer_02", "cka"        , "0.981059574335182"   , "4000"     , "normals"                 , "normals_joint_with_depth", "false"         , "null"
"rq1_full_pipeline_hypersim_100_scenes_4000_samples_join_null_A-20260518-225144", "normals-normals_joint_with_depth"                 , "layer_03", "cka"        , "0.9832190825390267"  , "4000"     , "normals"                 , "normals_joint_with_depth", "false"         , "null"
"rq1_full_pipeline_hypersim_100_scenes_4000_samples_join_null_A-20260518-225144", "normals-normals_joint_with_depth"                 , "layer_04", "cka"        , "0.9815418519765109"  , "4000"     , "normals"                 , "normals_joint_with_depth", "false"         , "null"
"rq1_full_pipeline_hypersim_100_scenes_4000_samples_join_null_A-20260518-225144", "normals-normals_joint_with_depth"                 , "layer_05", "cka"        , "0.9711215643492379"  , "4000"     , "normals"                 , "normals_joint_with_depth", "false"         , "null"
"rq1_full_pipeline_hypersim_100_scenes_4000_samples_join_null_A-20260518-225144", "normals-normals_joint_with_depth"                 , "layer_06", "cka"        , "0.9713169408127611"  , "4000"     , "normals"                 , "normals_joint_with_depth", "false"         , "null"
"rq1_full_pipeline_hypersim_100_scenes_4000_samples_join_null_A-20260518-225144", "normals-normals_joint_with_depth"                 , "layer_07", "cka"        , "0.9574037914268019"  , "4000"     , "normals"                 , "normals_joint_with_depth", "false"         , "null"
"rq1_full_pipeline_hypersim_100_scenes_4000_samples_join_null_A-20260518-225144", "normals-normals_joint_with_depth"                 , "layer_08", "cka"        , "0.9026934797639851"  , "4000"     , "normals"                 , "normals_joint_with_depth", "false"         , "null"
"rq1_full_pipeline_hypersim_100_scenes_4000_samples_join_null_A-20260518-225144", "normals-normals_joint_with_depth"                 , "layer_09", "cka"        , "0.8467202755497188"  , "4000"     , "normals"                 , "normals_joint_with_depth", "false"         , "null"
"rq1_full_pipeline_hypersim_100_scenes_4000_samples_join_null_A-20260518-225144", "normals-normals_joint_with_depth"                 , "layer_10", "cka"        , "0.8410577959269891"  , "4000"     , "normals"                 , "normals_joint_with_depth", "false"         , "null"
"rq1_full_pipeline_hypersim_100_scenes_4000_samples_join_null_A-20260518-225144", "normals-normals_joint_with_depth"                 , "layer_11", "cka"        , "0.8434342333547271"  , "4000"     , "normals"                 , "normals_joint_with_depth", "false"         , "null"
"rq1_full_pipeline_hypersim_100_scenes_4000_samples_join_null_A-20260518-225144", "normals-normals_joint_with_depth"                 , "layer_00", "pwcca"      , "0.8438054573126337"  , "4000"     , "normals"                 , "normals_joint_with_depth", "true"          , "null"
"rq1_full_pipeline_hypersim_100_scenes_4000_samples_join_null_A-20260518-225144", "normals-normals_joint_with_depth"                 , "layer_01", "pwcca"      , "0.805739307019672"   , "4000"     , "normals"                 , "normals_joint_with_depth", "true"          , "null"
"rq1_full_pipeline_hypersim_100_scenes_4000_samples_join_null_A-20260518-225144", "normals-normals_joint_with_depth"                 , "layer_02", "pwcca"      , "0.797432444256378"   , "4000"     , "normals"                 , "normals_joint_with_depth", "true"          , "null"
"rq1_full_pipeline_hypersim_100_scenes_4000_samples_join_null_A-20260518-225144", "normals-normals_joint_with_depth"                 , "layer_03", "pwcca"      , "0.7596435170964118"  , "4000"     , "normals"                 , "normals_joint_with_depth", "true"          , "null"
"rq1_full_pipeline_hypersim_100_scenes_4000_samples_join_null_A-20260518-225144", "normals-normals_joint_with_depth"                 , "layer_04", "pwcca"      , "0.7826234680398303"  , "4000"     , "normals"                 , "normals_joint_with_depth", "true"          , "null"
"rq1_full_pipeline_hypersim_100_scenes_4000_samples_join_null_A-20260518-225144", "normals-normals_joint_with_depth"                 , "layer_05", "pwcca"      , "0.7980852713317517"  , "4000"     , "normals"                 , "normals_joint_with_depth", "true"          , "null"
"rq1_full_pipeline_hypersim_100_scenes_4000_samples_join_null_A-20260518-225144", "normals-normals_joint_with_depth"                 , "layer_06", "pwcca"      , "0.7929188161709647"  , "4000"     , "normals"                 , "normals_joint_with_depth", "true"          , "null"
"rq1_full_pipeline_hypersim_100_scenes_4000_samples_join_null_A-20260518-225144", "normals-normals_joint_with_depth"                 , "layer_07", "pwcca"      , "0.7714263248156403"  , "4000"     , "normals"                 , "normals_joint_with_depth", "true"          , "null"
"rq1_full_pipeline_hypersim_100_scenes_4000_samples_join_null_A-20260518-225144", "normals-normals_joint_with_depth"                 , "layer_08", "pwcca"      , "0.7457109397445156"  , "4000"     , "normals"                 , "normals_joint_with_depth", "true"          , "null"
"rq1_full_pipeline_hypersim_100_scenes_4000_samples_join_null_A-20260518-225144", "normals-normals_joint_with_depth"                 , "layer_09", "pwcca"      , "0.710286488757078"   , "4000"     , "normals"                 , "normals_joint_with_depth", "true"          , "null"
"rq1_full_pipeline_hypersim_100_scenes_4000_samples_join_null_A-20260518-225144", "normals-normals_joint_with_depth"                 , "layer_10", "pwcca"      , "0.6878447110947795"  , "4000"     , "normals"                 , "normals_joint_with_depth", "true"          , "null"
"rq1_full_pipeline_hypersim_100_scenes_4000_samples_join_null_A-20260518-225144", "normals-normals_joint_with_depth"                 , "layer_11", "pwcca"      , "0.6534774070700924"  , "4000"     , "normals"                 , "normals_joint_with_depth", "true"          , "null"
"rq1_full_pipeline_hypersim_100_scenes_4000_samples_join_null_A-20260518-225144", "normals-normals_joint_with_depth"                 , "layer_00", "knn_overlap", "0.5846750000000001"  , "4000"     , "normals"                 , "normals_joint_with_depth", "true"          , "10"
"rq1_full_pipeline_hypersim_100_scenes_4000_samples_join_null_A-20260518-225144", "normals-normals_joint_with_depth"                 , "layer_01", "knn_overlap", "0.574125"            , "4000"     , "normals"                 , "normals_joint_with_depth", "true"          , "10"
"rq1_full_pipeline_hypersim_100_scenes_4000_samples_join_null_A-20260518-225144", "normals-normals_joint_with_depth"                 , "layer_02", "knn_overlap", "0.56425"             , "4000"     , "normals"                 , "normals_joint_with_depth", "true"          , "10"
"rq1_full_pipeline_hypersim_100_scenes_4000_samples_join_null_A-20260518-225144", "normals-normals_joint_with_depth"                 , "layer_03", "knn_overlap", "0.5371"              , "4000"     , "normals"                 , "normals_joint_with_depth", "true"          , "10"
"rq1_full_pipeline_hypersim_100_scenes_4000_samples_join_null_A-20260518-225144", "normals-normals_joint_with_depth"                 , "layer_04", "knn_overlap", "0.57555"             , "4000"     , "normals"                 , "normals_joint_with_depth", "true"          , "10"
"rq1_full_pipeline_hypersim_100_scenes_4000_samples_join_null_A-20260518-225144", "normals-normals_joint_with_depth"                 , "layer_05", "knn_overlap", "0.5709"              , "4000"     , "normals"                 , "normals_joint_with_depth", "true"          , "10"
"rq1_full_pipeline_hypersim_100_scenes_4000_samples_join_null_A-20260518-225144", "normals-normals_joint_with_depth"                 , "layer_06", "knn_overlap", "0.558"               , "4000"     , "normals"                 , "normals_joint_with_depth", "true"          , "10"
"rq1_full_pipeline_hypersim_100_scenes_4000_samples_join_null_A-20260518-225144", "normals-normals_joint_with_depth"                 , "layer_07", "knn_overlap", "0.516825"            , "4000"     , "normals"                 , "normals_joint_with_depth", "true"          , "10"
"rq1_full_pipeline_hypersim_100_scenes_4000_samples_join_null_A-20260518-225144", "normals-normals_joint_with_depth"                 , "layer_08", "knn_overlap", "0.442075"            , "4000"     , "normals"                 , "normals_joint_with_depth", "true"          , "10"
"rq1_full_pipeline_hypersim_100_scenes_4000_samples_join_null_A-20260518-225144", "normals-normals_joint_with_depth"                 , "layer_09", "knn_overlap", "0.389575"            , "4000"     , "normals"                 , "normals_joint_with_depth", "true"          , "10"
"rq1_full_pipeline_hypersim_100_scenes_4000_samples_join_null_A-20260518-225144", "normals-normals_joint_with_depth"                 , "layer_10", "knn_overlap", "0.3749"              , "4000"     , "normals"                 , "normals_joint_with_depth", "true"          , "10"
"rq1_full_pipeline_hypersim_100_scenes_4000_samples_join_null_A-20260518-225144", "normals-normals_joint_with_depth"                 , "layer_11", "knn_overlap", "0.33642500000000003" , "4000"     , "normals"                 , "normals_joint_with_depth", "true"          , "10"
"rq1_full_pipeline_hypersim_100_scenes_4000_samples_join_null_A-20260518-225144", "normals-normals_joint_with_rgb"                   , "layer_00", "cka"        , "0.9126840813582163"  , "4000"     , "normals"                 , "normals_joint_with_rgb"  , "false"         , "null"
"rq1_full_pipeline_hypersim_100_scenes_4000_samples_join_null_A-20260518-225144", "normals-normals_joint_with_rgb"                   , "layer_01", "cka"        , "0.9563684958801286"  , "4000"     , "normals"                 , "normals_joint_with_rgb"  , "false"         , "null"
"rq1_full_pipeline_hypersim_100_scenes_4000_samples_join_null_A-20260518-225144", "normals-normals_joint_with_rgb"                   , "layer_02", "cka"        , "0.961941477631328"   , "4000"     , "normals"                 , "normals_joint_with_rgb"  , "false"         , "null"
"rq1_full_pipeline_hypersim_100_scenes_4000_samples_join_null_A-20260518-225144", "normals-normals_joint_with_rgb"                   , "layer_03", "cka"        , "0.9386453961150892"  , "4000"     , "normals"                 , "normals_joint_with_rgb"  , "false"         , "null"
"rq1_full_pipeline_hypersim_100_scenes_4000_samples_join_null_A-20260518-225144", "normals-normals_joint_with_rgb"                   , "layer_04", "cka"        , "0.9240802522388634"  , "4000"     , "normals"                 , "normals_joint_with_rgb"  , "false"         , "null"
"rq1_full_pipeline_hypersim_100_scenes_4000_samples_join_null_A-20260518-225144", "normals-normals_joint_with_rgb"                   , "layer_05", "cka"        , "0.9145202493297894"  , "4000"     , "normals"                 , "normals_joint_with_rgb"  , "false"         , "null"
"rq1_full_pipeline_hypersim_100_scenes_4000_samples_join_null_A-20260518-225144", "normals-normals_joint_with_rgb"                   , "layer_06", "cka"        , "0.8849590413955936"  , "4000"     , "normals"                 , "normals_joint_with_rgb"  , "false"         , "null"
"rq1_full_pipeline_hypersim_100_scenes_4000_samples_join_null_A-20260518-225144", "normals-normals_joint_with_rgb"                   , "layer_07", "cka"        , "0.8428460162651457"  , "4000"     , "normals"                 , "normals_joint_with_rgb"  , "false"         , "null"
"rq1_full_pipeline_hypersim_100_scenes_4000_samples_join_null_A-20260518-225144", "normals-normals_joint_with_rgb"                   , "layer_08", "cka"        , "0.7675096219933051"  , "4000"     , "normals"                 , "normals_joint_with_rgb"  , "false"         , "null"
"rq1_full_pipeline_hypersim_100_scenes_4000_samples_join_null_A-20260518-225144", "normals-normals_joint_with_rgb"                   , "layer_09", "cka"        , "0.6953946550698828"  , "4000"     , "normals"                 , "normals_joint_with_rgb"  , "false"         , "null"
"rq1_full_pipeline_hypersim_100_scenes_4000_samples_join_null_A-20260518-225144", "normals-normals_joint_with_rgb"                   , "layer_10", "cka"        , "0.7119984452546756"  , "4000"     , "normals"                 , "normals_joint_with_rgb"  , "false"         , "null"
"rq1_full_pipeline_hypersim_100_scenes_4000_samples_join_null_A-20260518-225144", "normals-normals_joint_with_rgb"                   , "layer_11", "cka"        , "0.7510802145697438"  , "4000"     , "normals"                 , "normals_joint_with_rgb"  , "false"         , "null"
"rq1_full_pipeline_hypersim_100_scenes_4000_samples_join_null_A-20260518-225144", "normals-normals_joint_with_rgb"                   , "layer_00", "pwcca"      , "0.5504181561558587"  , "4000"     , "normals"                 , "normals_joint_with_rgb"  , "true"          , "null"
"rq1_full_pipeline_hypersim_100_scenes_4000_samples_join_null_A-20260518-225144", "normals-normals_joint_with_rgb"                   , "layer_01", "pwcca"      , "0.6828920511996047"  , "4000"     , "normals"                 , "normals_joint_with_rgb"  , "true"          , "null"
"rq1_full_pipeline_hypersim_100_scenes_4000_samples_join_null_A-20260518-225144", "normals-normals_joint_with_rgb"                   , "layer_02", "pwcca"      , "0.7313059618684106"  , "4000"     , "normals"                 , "normals_joint_with_rgb"  , "true"          , "null"
"rq1_full_pipeline_hypersim_100_scenes_4000_samples_join_null_A-20260518-225144", "normals-normals_joint_with_rgb"                   , "layer_03", "pwcca"      , "0.6803153291248466"  , "4000"     , "normals"                 , "normals_joint_with_rgb"  , "true"          , "null"
"rq1_full_pipeline_hypersim_100_scenes_4000_samples_join_null_A-20260518-225144", "normals-normals_joint_with_rgb"                   , "layer_04", "pwcca"      , "0.7000402854990312"  , "4000"     , "normals"                 , "normals_joint_with_rgb"  , "true"          , "null"
"rq1_full_pipeline_hypersim_100_scenes_4000_samples_join_null_A-20260518-225144", "normals-normals_joint_with_rgb"                   , "layer_05", "pwcca"      , "0.6893930806010793"  , "4000"     , "normals"                 , "normals_joint_with_rgb"  , "true"          , "null"
"rq1_full_pipeline_hypersim_100_scenes_4000_samples_join_null_A-20260518-225144", "normals-normals_joint_with_rgb"                   , "layer_06", "pwcca"      , "0.6575013361169982"  , "4000"     , "normals"                 , "normals_joint_with_rgb"  , "true"          , "null"
"rq1_full_pipeline_hypersim_100_scenes_4000_samples_join_null_A-20260518-225144", "normals-normals_joint_with_rgb"                   , "layer_07", "pwcca"      , "0.6102136993639424"  , "4000"     , "normals"                 , "normals_joint_with_rgb"  , "true"          , "null"
"rq1_full_pipeline_hypersim_100_scenes_4000_samples_join_null_A-20260518-225144", "normals-normals_joint_with_rgb"                   , "layer_08", "pwcca"      , "0.5832554629009928"  , "4000"     , "normals"                 , "normals_joint_with_rgb"  , "true"          , "null"
"rq1_full_pipeline_hypersim_100_scenes_4000_samples_join_null_A-20260518-225144", "normals-normals_joint_with_rgb"                   , "layer_09", "pwcca"      , "0.566331761665528"   , "4000"     , "normals"                 , "normals_joint_with_rgb"  , "true"          , "null"
"rq1_full_pipeline_hypersim_100_scenes_4000_samples_join_null_A-20260518-225144", "normals-normals_joint_with_rgb"                   , "layer_10", "pwcca"      , "0.549020906104839"   , "4000"     , "normals"                 , "normals_joint_with_rgb"  , "true"          , "null"
"rq1_full_pipeline_hypersim_100_scenes_4000_samples_join_null_A-20260518-225144", "normals-normals_joint_with_rgb"                   , "layer_11", "pwcca"      , "0.5404392970806118"  , "4000"     , "normals"                 , "normals_joint_with_rgb"  , "true"          , "null"
"rq1_full_pipeline_hypersim_100_scenes_4000_samples_join_null_A-20260518-225144", "normals-normals_joint_with_rgb"                   , "layer_00", "knn_overlap", "0.25325000000000003" , "4000"     , "normals"                 , "normals_joint_with_rgb"  , "true"          , "10"
"rq1_full_pipeline_hypersim_100_scenes_4000_samples_join_null_A-20260518-225144", "normals-normals_joint_with_rgb"                   , "layer_01", "knn_overlap", "0.363275"            , "4000"     , "normals"                 , "normals_joint_with_rgb"  , "true"          , "10"
"rq1_full_pipeline_hypersim_100_scenes_4000_samples_join_null_A-20260518-225144", "normals-normals_joint_with_rgb"                   , "layer_02", "knn_overlap", "0.41719999999999996" , "4000"     , "normals"                 , "normals_joint_with_rgb"  , "true"          , "10"
"rq1_full_pipeline_hypersim_100_scenes_4000_samples_join_null_A-20260518-225144", "normals-normals_joint_with_rgb"                   , "layer_03", "knn_overlap", "0.37985"             , "4000"     , "normals"                 , "normals_joint_with_rgb"  , "true"          , "10"
"rq1_full_pipeline_hypersim_100_scenes_4000_samples_join_null_A-20260518-225144", "normals-normals_joint_with_rgb"                   , "layer_04", "knn_overlap", "0.39427500000000004" , "4000"     , "normals"                 , "normals_joint_with_rgb"  , "true"          , "10"
"rq1_full_pipeline_hypersim_100_scenes_4000_samples_join_null_A-20260518-225144", "normals-normals_joint_with_rgb"                   , "layer_05", "knn_overlap", "0.38217500000000004" , "4000"     , "normals"                 , "normals_joint_with_rgb"  , "true"          , "10"
"rq1_full_pipeline_hypersim_100_scenes_4000_samples_join_null_A-20260518-225144", "normals-normals_joint_with_rgb"                   , "layer_06", "knn_overlap", "0.350175"            , "4000"     , "normals"                 , "normals_joint_with_rgb"  , "true"          , "10"
"rq1_full_pipeline_hypersim_100_scenes_4000_samples_join_null_A-20260518-225144", "normals-normals_joint_with_rgb"                   , "layer_07", "knn_overlap", "0.337125"            , "4000"     , "normals"                 , "normals_joint_with_rgb"  , "true"          , "10"
"rq1_full_pipeline_hypersim_100_scenes_4000_samples_join_null_A-20260518-225144", "normals-normals_joint_with_rgb"                   , "layer_08", "knn_overlap", "0.311875"            , "4000"     , "normals"                 , "normals_joint_with_rgb"  , "true"          , "10"
"rq1_full_pipeline_hypersim_100_scenes_4000_samples_join_null_A-20260518-225144", "normals-normals_joint_with_rgb"                   , "layer_09", "knn_overlap", "0.2978"              , "4000"     , "normals"                 , "normals_joint_with_rgb"  , "true"          , "10"
"rq1_full_pipeline_hypersim_100_scenes_4000_samples_join_null_A-20260518-225144", "normals-normals_joint_with_rgb"                   , "layer_10", "knn_overlap", "0.2962"              , "4000"     , "normals"                 , "normals_joint_with_rgb"  , "true"          , "10"
"rq1_full_pipeline_hypersim_100_scenes_4000_samples_join_null_A-20260518-225144", "normals-normals_joint_with_rgb"                   , "layer_11", "knn_overlap", "0.2883"              , "4000"     , "normals"                 , "normals_joint_with_rgb"  , "true"          , "10"
"rq1_full_pipeline_hypersim_100_scenes_4000_samples_join_null_A-20260518-225144", "rgb-depth"                                        , "layer_00", "cka"        , "0.06137204558498682" , "4000"     , "rgb"                     , "depth"                   , "false"         , "null"
"rq1_full_pipeline_hypersim_100_scenes_4000_samples_join_null_A-20260518-225144", "rgb-depth"                                        , "layer_01", "cka"        , "0.06771818729285374" , "4000"     , "rgb"                     , "depth"                   , "false"         , "null"
"rq1_full_pipeline_hypersim_100_scenes_4000_samples_join_null_A-20260518-225144", "rgb-depth"                                        , "layer_02", "cka"        , "0.07411915638941606" , "4000"     , "rgb"                     , "depth"                   , "false"         , "null"
"rq1_full_pipeline_hypersim_100_scenes_4000_samples_join_null_A-20260518-225144", "rgb-depth"                                        , "layer_03", "cka"        , "0.08477137581776564" , "4000"     , "rgb"                     , "depth"                   , "false"         , "null"
"rq1_full_pipeline_hypersim_100_scenes_4000_samples_join_null_A-20260518-225144", "rgb-depth"                                        , "layer_04", "cka"        , "0.09673580553369661" , "4000"     , "rgb"                     , "depth"                   , "false"         , "null"
"rq1_full_pipeline_hypersim_100_scenes_4000_samples_join_null_A-20260518-225144", "rgb-depth"                                        , "layer_05", "cka"        , "0.1153059589032588"  , "4000"     , "rgb"                     , "depth"                   , "false"         , "null"
"rq1_full_pipeline_hypersim_100_scenes_4000_samples_join_null_A-20260518-225144", "rgb-depth"                                        , "layer_06", "cka"        , "0.13979230245690386" , "4000"     , "rgb"                     , "depth"                   , "false"         , "null"
"rq1_full_pipeline_hypersim_100_scenes_4000_samples_join_null_A-20260518-225144", "rgb-depth"                                        , "layer_07", "cka"        , "0.17123211214997008" , "4000"     , "rgb"                     , "depth"                   , "false"         , "null"
"rq1_full_pipeline_hypersim_100_scenes_4000_samples_join_null_A-20260518-225144", "rgb-depth"                                        , "layer_08", "cka"        , "0.20922888338011034" , "4000"     , "rgb"                     , "depth"                   , "false"         , "null"
"rq1_full_pipeline_hypersim_100_scenes_4000_samples_join_null_A-20260518-225144", "rgb-depth"                                        , "layer_09", "cka"        , "0.24907750053814265" , "4000"     , "rgb"                     , "depth"                   , "false"         , "null"
"rq1_full_pipeline_hypersim_100_scenes_4000_samples_join_null_A-20260518-225144", "rgb-depth"                                        , "layer_10", "cka"        , "0.3299657069282279"  , "4000"     , "rgb"                     , "depth"                   , "false"         , "null"
"rq1_full_pipeline_hypersim_100_scenes_4000_samples_join_null_A-20260518-225144", "rgb-depth"                                        , "layer_11", "cka"        , "0.39755181258605116" , "4000"     , "rgb"                     , "depth"                   , "false"         , "null"
"rq1_full_pipeline_hypersim_100_scenes_4000_samples_join_null_A-20260518-225144", "rgb-depth"                                        , "layer_00", "pwcca"      , "0.2174714159318108"  , "4000"     , "rgb"                     , "depth"                   , "true"          , "null"
"rq1_full_pipeline_hypersim_100_scenes_4000_samples_join_null_A-20260518-225144", "rgb-depth"                                        , "layer_01", "pwcca"      , "0.2778530665628297"  , "4000"     , "rgb"                     , "depth"                   , "true"          , "null"
"rq1_full_pipeline_hypersim_100_scenes_4000_samples_join_null_A-20260518-225144", "rgb-depth"                                        , "layer_02", "pwcca"      , "0.3083911545863397"  , "4000"     , "rgb"                     , "depth"                   , "true"          , "null"
"rq1_full_pipeline_hypersim_100_scenes_4000_samples_join_null_A-20260518-225144", "rgb-depth"                                        , "layer_03", "pwcca"      , "0.3240858284770961"  , "4000"     , "rgb"                     , "depth"                   , "true"          , "null"
"rq1_full_pipeline_hypersim_100_scenes_4000_samples_join_null_A-20260518-225144", "rgb-depth"                                        , "layer_04", "pwcca"      , "0.3682929388739268"  , "4000"     , "rgb"                     , "depth"                   , "true"          , "null"
"rq1_full_pipeline_hypersim_100_scenes_4000_samples_join_null_A-20260518-225144", "rgb-depth"                                        , "layer_05", "pwcca"      , "0.3967673225874112"  , "4000"     , "rgb"                     , "depth"                   , "true"          , "null"
"rq1_full_pipeline_hypersim_100_scenes_4000_samples_join_null_A-20260518-225144", "rgb-depth"                                        , "layer_06", "pwcca"      , "0.42583382815013304" , "4000"     , "rgb"                     , "depth"                   , "true"          , "null"
"rq1_full_pipeline_hypersim_100_scenes_4000_samples_join_null_A-20260518-225144", "rgb-depth"                                        , "layer_07", "pwcca"      , "0.46972195168340625" , "4000"     , "rgb"                     , "depth"                   , "true"          , "null"
"rq1_full_pipeline_hypersim_100_scenes_4000_samples_join_null_A-20260518-225144", "rgb-depth"                                        , "layer_08", "pwcca"      , "0.4912356517296438"  , "4000"     , "rgb"                     , "depth"                   , "true"          , "null"
"rq1_full_pipeline_hypersim_100_scenes_4000_samples_join_null_A-20260518-225144", "rgb-depth"                                        , "layer_09", "pwcca"      , "0.5219189547941965"  , "4000"     , "rgb"                     , "depth"                   , "true"          , "null"
"rq1_full_pipeline_hypersim_100_scenes_4000_samples_join_null_A-20260518-225144", "rgb-depth"                                        , "layer_10", "pwcca"      , "0.5410502413204907"  , "4000"     , "rgb"                     , "depth"                   , "true"          , "null"
"rq1_full_pipeline_hypersim_100_scenes_4000_samples_join_null_A-20260518-225144", "rgb-depth"                                        , "layer_11", "pwcca"      , "0.5466121678837248"  , "4000"     , "rgb"                     , "depth"                   , "true"          , "null"
"rq1_full_pipeline_hypersim_100_scenes_4000_samples_join_null_A-20260518-225144", "rgb-depth"                                        , "layer_00", "knn_overlap", "0.09325"             , "4000"     , "rgb"                     , "depth"                   , "true"          , "10"
"rq1_full_pipeline_hypersim_100_scenes_4000_samples_join_null_A-20260518-225144", "rgb-depth"                                        , "layer_01", "knn_overlap", "0.15645"             , "4000"     , "rgb"                     , "depth"                   , "true"          , "10"
"rq1_full_pipeline_hypersim_100_scenes_4000_samples_join_null_A-20260518-225144", "rgb-depth"                                        , "layer_02", "knn_overlap", "0.19672499999999998" , "4000"     , "rgb"                     , "depth"                   , "true"          , "10"
"rq1_full_pipeline_hypersim_100_scenes_4000_samples_join_null_A-20260518-225144", "rgb-depth"                                        , "layer_03", "knn_overlap", "0.224425"            , "4000"     , "rgb"                     , "depth"                   , "true"          , "10"
"rq1_full_pipeline_hypersim_100_scenes_4000_samples_join_null_A-20260518-225144", "rgb-depth"                                        , "layer_04", "knn_overlap", "0.2452"              , "4000"     , "rgb"                     , "depth"                   , "true"          , "10"
"rq1_full_pipeline_hypersim_100_scenes_4000_samples_join_null_A-20260518-225144", "rgb-depth"                                        , "layer_05", "knn_overlap", "0.272"               , "4000"     , "rgb"                     , "depth"                   , "true"          , "10"
"rq1_full_pipeline_hypersim_100_scenes_4000_samples_join_null_A-20260518-225144", "rgb-depth"                                        , "layer_06", "knn_overlap", "0.306575"            , "4000"     , "rgb"                     , "depth"                   , "true"          , "10"
"rq1_full_pipeline_hypersim_100_scenes_4000_samples_join_null_A-20260518-225144", "rgb-depth"                                        , "layer_07", "knn_overlap", "0.336325"            , "4000"     , "rgb"                     , "depth"                   , "true"          , "10"
"rq1_full_pipeline_hypersim_100_scenes_4000_samples_join_null_A-20260518-225144", "rgb-depth"                                        , "layer_08", "knn_overlap", "0.3722"              , "4000"     , "rgb"                     , "depth"                   , "true"          , "10"
"rq1_full_pipeline_hypersim_100_scenes_4000_samples_join_null_A-20260518-225144", "rgb-depth"                                        , "layer_09", "knn_overlap", "0.409625"            , "4000"     , "rgb"                     , "depth"                   , "true"          , "10"
"rq1_full_pipeline_hypersim_100_scenes_4000_samples_join_null_A-20260518-225144", "rgb-depth"                                        , "layer_10", "knn_overlap", "0.43477499999999997" , "4000"     , "rgb"                     , "depth"                   , "true"          , "10"
"rq1_full_pipeline_hypersim_100_scenes_4000_samples_join_null_A-20260518-225144", "rgb-depth"                                        , "layer_11", "knn_overlap", "0.41784999999999994" , "4000"     , "rgb"                     , "depth"                   , "true"          , "10"
"rq1_full_pipeline_hypersim_100_scenes_4000_samples_join_null_A-20260518-225144", "rgb-normals"                                      , "layer_00", "cka"        , "0.02464642039861888" , "4000"     , "rgb"                     , "normals"                 , "false"         , "null"
"rq1_full_pipeline_hypersim_100_scenes_4000_samples_join_null_A-20260518-225144", "rgb-normals"                                      , "layer_01", "cka"        , "0.02652666219337214" , "4000"     , "rgb"                     , "normals"                 , "false"         , "null"
"rq1_full_pipeline_hypersim_100_scenes_4000_samples_join_null_A-20260518-225144", "rgb-normals"                                      , "layer_02", "cka"        , "0.031810573190239576", "4000"     , "rgb"                     , "normals"                 , "false"         , "null"
"rq1_full_pipeline_hypersim_100_scenes_4000_samples_join_null_A-20260518-225144", "rgb-normals"                                      , "layer_03", "cka"        , "0.03879603689830573" , "4000"     , "rgb"                     , "normals"                 , "false"         , "null"
"rq1_full_pipeline_hypersim_100_scenes_4000_samples_join_null_A-20260518-225144", "rgb-normals"                                      , "layer_04", "cka"        , "0.04774605032142564" , "4000"     , "rgb"                     , "normals"                 , "false"         , "null"
"rq1_full_pipeline_hypersim_100_scenes_4000_samples_join_null_A-20260518-225144", "rgb-normals"                                      , "layer_05", "cka"        , "0.06965228808362567" , "4000"     , "rgb"                     , "normals"                 , "false"         , "null"
"rq1_full_pipeline_hypersim_100_scenes_4000_samples_join_null_A-20260518-225144", "rgb-normals"                                      , "layer_06", "cka"        , "0.08675873123347218" , "4000"     , "rgb"                     , "normals"                 , "false"         , "null"
"rq1_full_pipeline_hypersim_100_scenes_4000_samples_join_null_A-20260518-225144", "rgb-normals"                                      , "layer_07", "cka"        , "0.11016033221839469" , "4000"     , "rgb"                     , "normals"                 , "false"         , "null"
"rq1_full_pipeline_hypersim_100_scenes_4000_samples_join_null_A-20260518-225144", "rgb-normals"                                      , "layer_08", "cka"        , "0.12055795244019767" , "4000"     , "rgb"                     , "normals"                 , "false"         , "null"
"rq1_full_pipeline_hypersim_100_scenes_4000_samples_join_null_A-20260518-225144", "rgb-normals"                                      , "layer_09", "cka"        , "0.13046114248993793" , "4000"     , "rgb"                     , "normals"                 , "false"         , "null"
"rq1_full_pipeline_hypersim_100_scenes_4000_samples_join_null_A-20260518-225144", "rgb-normals"                                      , "layer_10", "cka"        , "0.1685772920212229"  , "4000"     , "rgb"                     , "normals"                 , "false"         , "null"
"rq1_full_pipeline_hypersim_100_scenes_4000_samples_join_null_A-20260518-225144", "rgb-normals"                                      , "layer_11", "cka"        , "0.20251217949112016" , "4000"     , "rgb"                     , "normals"                 , "false"         , "null"
"rq1_full_pipeline_hypersim_100_scenes_4000_samples_join_null_A-20260518-225144", "rgb-normals"                                      , "layer_00", "pwcca"      , "0.2195944771437737"  , "4000"     , "rgb"                     , "normals"                 , "true"          , "null"
"rq1_full_pipeline_hypersim_100_scenes_4000_samples_join_null_A-20260518-225144", "rgb-normals"                                      , "layer_01", "pwcca"      , "0.2708254277243197"  , "4000"     , "rgb"                     , "normals"                 , "true"          , "null"
"rq1_full_pipeline_hypersim_100_scenes_4000_samples_join_null_A-20260518-225144", "rgb-normals"                                      , "layer_02", "pwcca"      , "0.2938854778860188"  , "4000"     , "rgb"                     , "normals"                 , "true"          , "null"
"rq1_full_pipeline_hypersim_100_scenes_4000_samples_join_null_A-20260518-225144", "rgb-normals"                                      , "layer_03", "pwcca"      , "0.30611833539219985" , "4000"     , "rgb"                     , "normals"                 , "true"          , "null"
"rq1_full_pipeline_hypersim_100_scenes_4000_samples_join_null_A-20260518-225144", "rgb-normals"                                      , "layer_04", "pwcca"      , "0.33224336565460805" , "4000"     , "rgb"                     , "normals"                 , "true"          , "null"
"rq1_full_pipeline_hypersim_100_scenes_4000_samples_join_null_A-20260518-225144", "rgb-normals"                                      , "layer_05", "pwcca"      , "0.35832779236080636" , "4000"     , "rgb"                     , "normals"                 , "true"          , "null"
"rq1_full_pipeline_hypersim_100_scenes_4000_samples_join_null_A-20260518-225144", "rgb-normals"                                      , "layer_06", "pwcca"      , "0.3717187937362867"  , "4000"     , "rgb"                     , "normals"                 , "true"          , "null"
"rq1_full_pipeline_hypersim_100_scenes_4000_samples_join_null_A-20260518-225144", "rgb-normals"                                      , "layer_07", "pwcca"      , "0.39886742016315824" , "4000"     , "rgb"                     , "normals"                 , "true"          , "null"
"rq1_full_pipeline_hypersim_100_scenes_4000_samples_join_null_A-20260518-225144", "rgb-normals"                                      , "layer_08", "pwcca"      , "0.40963024256186725" , "4000"     , "rgb"                     , "normals"                 , "true"          , "null"
"rq1_full_pipeline_hypersim_100_scenes_4000_samples_join_null_A-20260518-225144", "rgb-normals"                                      , "layer_09", "pwcca"      , "0.41026694354823057" , "4000"     , "rgb"                     , "normals"                 , "true"          , "null"
"rq1_full_pipeline_hypersim_100_scenes_4000_samples_join_null_A-20260518-225144", "rgb-normals"                                      , "layer_10", "pwcca"      , "0.4067865704766437"  , "4000"     , "rgb"                     , "normals"                 , "true"          , "null"
"rq1_full_pipeline_hypersim_100_scenes_4000_samples_join_null_A-20260518-225144", "rgb-normals"                                      , "layer_11", "pwcca"      , "0.4040932573967276"  , "4000"     , "rgb"                     , "normals"                 , "true"          , "null"
"rq1_full_pipeline_hypersim_100_scenes_4000_samples_join_null_A-20260518-225144", "rgb-normals"                                      , "layer_00", "knn_overlap", "0.07935"             , "4000"     , "rgb"                     , "normals"                 , "true"          , "10"
"rq1_full_pipeline_hypersim_100_scenes_4000_samples_join_null_A-20260518-225144", "rgb-normals"                                      , "layer_01", "knn_overlap", "0.10717499999999999" , "4000"     , "rgb"                     , "normals"                 , "true"          , "10"
"rq1_full_pipeline_hypersim_100_scenes_4000_samples_join_null_A-20260518-225144", "rgb-normals"                                      , "layer_02", "knn_overlap", "0.12940000000000002" , "4000"     , "rgb"                     , "normals"                 , "true"          , "10"
"rq1_full_pipeline_hypersim_100_scenes_4000_samples_join_null_A-20260518-225144", "rgb-normals"                                      , "layer_03", "knn_overlap", "0.14150000000000001" , "4000"     , "rgb"                     , "normals"                 , "true"          , "10"
"rq1_full_pipeline_hypersim_100_scenes_4000_samples_join_null_A-20260518-225144", "rgb-normals"                                      , "layer_04", "knn_overlap", "0.156025"            , "4000"     , "rgb"                     , "normals"                 , "true"          , "10"
"rq1_full_pipeline_hypersim_100_scenes_4000_samples_join_null_A-20260518-225144", "rgb-normals"                                      , "layer_05", "knn_overlap", "0.16695"             , "4000"     , "rgb"                     , "normals"                 , "true"          , "10"
"rq1_full_pipeline_hypersim_100_scenes_4000_samples_join_null_A-20260518-225144", "rgb-normals"                                      , "layer_06", "knn_overlap", "0.187075"            , "4000"     , "rgb"                     , "normals"                 , "true"          , "10"
"rq1_full_pipeline_hypersim_100_scenes_4000_samples_join_null_A-20260518-225144", "rgb-normals"                                      , "layer_07", "knn_overlap", "0.20485000000000003" , "4000"     , "rgb"                     , "normals"                 , "true"          , "10"
"rq1_full_pipeline_hypersim_100_scenes_4000_samples_join_null_A-20260518-225144", "rgb-normals"                                      , "layer_08", "knn_overlap", "0.21280000000000002" , "4000"     , "rgb"                     , "normals"                 , "true"          , "10"
"rq1_full_pipeline_hypersim_100_scenes_4000_samples_join_null_A-20260518-225144", "rgb-normals"                                      , "layer_09", "knn_overlap", "0.21387499999999998" , "4000"     , "rgb"                     , "normals"                 , "true"          , "10"
"rq1_full_pipeline_hypersim_100_scenes_4000_samples_join_null_A-20260518-225144", "rgb-normals"                                      , "layer_10", "knn_overlap", "0.21425"             , "4000"     , "rgb"                     , "normals"                 , "true"          , "10"
"rq1_full_pipeline_hypersim_100_scenes_4000_samples_join_null_A-20260518-225144", "rgb-normals"                                      , "layer_11", "knn_overlap", "0.19875"             , "4000"     , "rgb"                     , "normals"                 , "true"          , "10"
"rq1_full_pipeline_hypersim_100_scenes_4000_samples_join_null_A-20260518-225144", "rgb-rgb_joint_with_depth"                         , "layer_00", "cka"        , "0.9999750362275759"  , "4000"     , "rgb"                     , "rgb_joint_with_depth"    , "false"         , "null"
"rq1_full_pipeline_hypersim_100_scenes_4000_samples_join_null_A-20260518-225144", "rgb-rgb_joint_with_depth"                         , "layer_01", "cka"        , "0.9999854429283331"  , "4000"     , "rgb"                     , "rgb_joint_with_depth"    , "false"         , "null"
"rq1_full_pipeline_hypersim_100_scenes_4000_samples_join_null_A-20260518-225144", "rgb-rgb_joint_with_depth"                         , "layer_02", "cka"        , "0.9999774690331081"  , "4000"     , "rgb"                     , "rgb_joint_with_depth"    , "false"         , "null"
"rq1_full_pipeline_hypersim_100_scenes_4000_samples_join_null_A-20260518-225144", "rgb-rgb_joint_with_depth"                         , "layer_03", "cka"        , "0.9999425160403542"  , "4000"     , "rgb"                     , "rgb_joint_with_depth"    , "false"         , "null"
"rq1_full_pipeline_hypersim_100_scenes_4000_samples_join_null_A-20260518-225144", "rgb-rgb_joint_with_depth"                         , "layer_04", "cka"        , "0.9999149296556609"  , "4000"     , "rgb"                     , "rgb_joint_with_depth"    , "false"         , "null"
"rq1_full_pipeline_hypersim_100_scenes_4000_samples_join_null_A-20260518-225144", "rgb-rgb_joint_with_depth"                         , "layer_05", "cka"        , "0.9998721215829556"  , "4000"     , "rgb"                     , "rgb_joint_with_depth"    , "false"         , "null"
"rq1_full_pipeline_hypersim_100_scenes_4000_samples_join_null_A-20260518-225144", "rgb-rgb_joint_with_depth"                         , "layer_06", "cka"        , "0.9997816669523983"  , "4000"     , "rgb"                     , "rgb_joint_with_depth"    , "false"         , "null"
"rq1_full_pipeline_hypersim_100_scenes_4000_samples_join_null_A-20260518-225144", "rgb-rgb_joint_with_depth"                         , "layer_07", "cka"        , "0.9995918922679222"  , "4000"     , "rgb"                     , "rgb_joint_with_depth"    , "false"         , "null"
"rq1_full_pipeline_hypersim_100_scenes_4000_samples_join_null_A-20260518-225144", "rgb-rgb_joint_with_depth"                         , "layer_08", "cka"        , "0.9992116485965304"  , "4000"     , "rgb"                     , "rgb_joint_with_depth"    , "false"         , "null"
"rq1_full_pipeline_hypersim_100_scenes_4000_samples_join_null_A-20260518-225144", "rgb-rgb_joint_with_depth"                         , "layer_09", "cka"        , "0.9985032076961035"  , "4000"     , "rgb"                     , "rgb_joint_with_depth"    , "false"         , "null"
"rq1_full_pipeline_hypersim_100_scenes_4000_samples_join_null_A-20260518-225144", "rgb-rgb_joint_with_depth"                         , "layer_10", "cka"        , "0.9975199667433212"  , "4000"     , "rgb"                     , "rgb_joint_with_depth"    , "false"         , "null"
"rq1_full_pipeline_hypersim_100_scenes_4000_samples_join_null_A-20260518-225144", "rgb-rgb_joint_with_depth"                         , "layer_11", "cka"        , "0.968315568126031"   , "4000"     , "rgb"                     , "rgb_joint_with_depth"    , "false"         , "null"
"rq1_full_pipeline_hypersim_100_scenes_4000_samples_join_null_A-20260518-225144", "rgb-rgb_joint_with_depth"                         , "layer_00", "pwcca"      , "0.9925443602421811"  , "4000"     , "rgb"                     , "rgb_joint_with_depth"    , "true"          , "null"
"rq1_full_pipeline_hypersim_100_scenes_4000_samples_join_null_A-20260518-225144", "rgb-rgb_joint_with_depth"                         , "layer_01", "pwcca"      , "0.9836939013217908"  , "4000"     , "rgb"                     , "rgb_joint_with_depth"    , "true"          , "null"
"rq1_full_pipeline_hypersim_100_scenes_4000_samples_join_null_A-20260518-225144", "rgb-rgb_joint_with_depth"                         , "layer_02", "pwcca"      , "0.9892674511464585"  , "4000"     , "rgb"                     , "rgb_joint_with_depth"    , "true"          , "null"
"rq1_full_pipeline_hypersim_100_scenes_4000_samples_join_null_A-20260518-225144", "rgb-rgb_joint_with_depth"                         , "layer_03", "pwcca"      , "0.9830364885016153"  , "4000"     , "rgb"                     , "rgb_joint_with_depth"    , "true"          , "null"
"rq1_full_pipeline_hypersim_100_scenes_4000_samples_join_null_A-20260518-225144", "rgb-rgb_joint_with_depth"                         , "layer_04", "pwcca"      , "0.9804384169241056"  , "4000"     , "rgb"                     , "rgb_joint_with_depth"    , "true"          , "null"
"rq1_full_pipeline_hypersim_100_scenes_4000_samples_join_null_A-20260518-225144", "rgb-rgb_joint_with_depth"                         , "layer_05", "pwcca"      , "0.9826937071452273"  , "4000"     , "rgb"                     , "rgb_joint_with_depth"    , "true"          , "null"
"rq1_full_pipeline_hypersim_100_scenes_4000_samples_join_null_A-20260518-225144", "rgb-rgb_joint_with_depth"                         , "layer_06", "pwcca"      , "0.9855211824911735"  , "4000"     , "rgb"                     , "rgb_joint_with_depth"    , "true"          , "null"
"rq1_full_pipeline_hypersim_100_scenes_4000_samples_join_null_A-20260518-225144", "rgb-rgb_joint_with_depth"                         , "layer_07", "pwcca"      , "0.9811754771794944"  , "4000"     , "rgb"                     , "rgb_joint_with_depth"    , "true"          , "null"
"rq1_full_pipeline_hypersim_100_scenes_4000_samples_join_null_A-20260518-225144", "rgb-rgb_joint_with_depth"                         , "layer_08", "pwcca"      , "0.9859471933563866"  , "4000"     , "rgb"                     , "rgb_joint_with_depth"    , "true"          , "null"
"rq1_full_pipeline_hypersim_100_scenes_4000_samples_join_null_A-20260518-225144", "rgb-rgb_joint_with_depth"                         , "layer_09", "pwcca"      , "0.9818661076910612"  , "4000"     , "rgb"                     , "rgb_joint_with_depth"    , "true"          , "null"
"rq1_full_pipeline_hypersim_100_scenes_4000_samples_join_null_A-20260518-225144", "rgb-rgb_joint_with_depth"                         , "layer_10", "pwcca"      , "0.9839170310353004"  , "4000"     , "rgb"                     , "rgb_joint_with_depth"    , "true"          , "null"
"rq1_full_pipeline_hypersim_100_scenes_4000_samples_join_null_A-20260518-225144", "rgb-rgb_joint_with_depth"                         , "layer_11", "pwcca"      , "0.9677442657050574"  , "4000"     , "rgb"                     , "rgb_joint_with_depth"    , "true"          , "null"
"rq1_full_pipeline_hypersim_100_scenes_4000_samples_join_null_A-20260518-225144", "rgb-rgb_joint_with_depth"                         , "layer_00", "knn_overlap", "0.939325"            , "4000"     , "rgb"                     , "rgb_joint_with_depth"    , "true"          , "10"
"rq1_full_pipeline_hypersim_100_scenes_4000_samples_join_null_A-20260518-225144", "rgb-rgb_joint_with_depth"                         , "layer_01", "knn_overlap", "0.9557"              , "4000"     , "rgb"                     , "rgb_joint_with_depth"    , "true"          , "10"
"rq1_full_pipeline_hypersim_100_scenes_4000_samples_join_null_A-20260518-225144", "rgb-rgb_joint_with_depth"                         , "layer_02", "knn_overlap", "0.9614"              , "4000"     , "rgb"                     , "rgb_joint_with_depth"    , "true"          , "10"
"rq1_full_pipeline_hypersim_100_scenes_4000_samples_join_null_A-20260518-225144", "rgb-rgb_joint_with_depth"                         , "layer_03", "knn_overlap", "0.94815"             , "4000"     , "rgb"                     , "rgb_joint_with_depth"    , "true"          , "10"
"rq1_full_pipeline_hypersim_100_scenes_4000_samples_join_null_A-20260518-225144", "rgb-rgb_joint_with_depth"                         , "layer_04", "knn_overlap", "0.9411250000000001"  , "4000"     , "rgb"                     , "rgb_joint_with_depth"    , "true"          , "10"
"rq1_full_pipeline_hypersim_100_scenes_4000_samples_join_null_A-20260518-225144", "rgb-rgb_joint_with_depth"                         , "layer_05", "knn_overlap", "0.938175"            , "4000"     , "rgb"                     , "rgb_joint_with_depth"    , "true"          , "10"
"rq1_full_pipeline_hypersim_100_scenes_4000_samples_join_null_A-20260518-225144", "rgb-rgb_joint_with_depth"                         , "layer_06", "knn_overlap", "0.9338749999999999"  , "4000"     , "rgb"                     , "rgb_joint_with_depth"    , "true"          , "10"
"rq1_full_pipeline_hypersim_100_scenes_4000_samples_join_null_A-20260518-225144", "rgb-rgb_joint_with_depth"                         , "layer_07", "knn_overlap", "0.9276249999999999"  , "4000"     , "rgb"                     , "rgb_joint_with_depth"    , "true"          , "10"
"rq1_full_pipeline_hypersim_100_scenes_4000_samples_join_null_A-20260518-225144", "rgb-rgb_joint_with_depth"                         , "layer_08", "knn_overlap", "0.9271750000000001"  , "4000"     , "rgb"                     , "rgb_joint_with_depth"    , "true"          , "10"
"rq1_full_pipeline_hypersim_100_scenes_4000_samples_join_null_A-20260518-225144", "rgb-rgb_joint_with_depth"                         , "layer_09", "knn_overlap", "0.9172750000000001"  , "4000"     , "rgb"                     , "rgb_joint_with_depth"    , "true"          , "10"
"rq1_full_pipeline_hypersim_100_scenes_4000_samples_join_null_A-20260518-225144", "rgb-rgb_joint_with_depth"                         , "layer_10", "knn_overlap", "0.9149499999999999"  , "4000"     , "rgb"                     , "rgb_joint_with_depth"    , "true"          , "10"
"rq1_full_pipeline_hypersim_100_scenes_4000_samples_join_null_A-20260518-225144", "rgb-rgb_joint_with_depth"                         , "layer_11", "knn_overlap", "0.795425"            , "4000"     , "rgb"                     , "rgb_joint_with_depth"    , "true"          , "10"
"rq1_full_pipeline_hypersim_100_scenes_4000_samples_join_null_A-20260518-225144", "rgb-rgb_joint_with_normals"                       , "layer_00", "cka"        , "0.9999639065212577"  , "4000"     , "rgb"                     , "rgb_joint_with_normals"  , "false"         , "null"
"rq1_full_pipeline_hypersim_100_scenes_4000_samples_join_null_A-20260518-225144", "rgb-rgb_joint_with_normals"                       , "layer_01", "cka"        , "0.9999830673447794"  , "4000"     , "rgb"                     , "rgb_joint_with_normals"  , "false"         , "null"
"rq1_full_pipeline_hypersim_100_scenes_4000_samples_join_null_A-20260518-225144", "rgb-rgb_joint_with_normals"                       , "layer_02", "cka"        , "0.9999698145371372"  , "4000"     , "rgb"                     , "rgb_joint_with_normals"  , "false"         , "null"
"rq1_full_pipeline_hypersim_100_scenes_4000_samples_join_null_A-20260518-225144", "rgb-rgb_joint_with_normals"                       , "layer_03", "cka"        , "0.9999187705545144"  , "4000"     , "rgb"                     , "rgb_joint_with_normals"  , "false"         , "null"
"rq1_full_pipeline_hypersim_100_scenes_4000_samples_join_null_A-20260518-225144", "rgb-rgb_joint_with_normals"                       , "layer_04", "cka"        , "0.999885074026804"   , "4000"     , "rgb"                     , "rgb_joint_with_normals"  , "false"         , "null"
"rq1_full_pipeline_hypersim_100_scenes_4000_samples_join_null_A-20260518-225144", "rgb-rgb_joint_with_normals"                       , "layer_05", "cka"        , "0.999784711689033"   , "4000"     , "rgb"                     , "rgb_joint_with_normals"  , "false"         , "null"
"rq1_full_pipeline_hypersim_100_scenes_4000_samples_join_null_A-20260518-225144", "rgb-rgb_joint_with_normals"                       , "layer_06", "cka"        , "0.9996790850138474"  , "4000"     , "rgb"                     , "rgb_joint_with_normals"  , "false"         , "null"
"rq1_full_pipeline_hypersim_100_scenes_4000_samples_join_null_A-20260518-225144", "rgb-rgb_joint_with_normals"                       , "layer_07", "cka"        , "0.9993291522168443"  , "4000"     , "rgb"                     , "rgb_joint_with_normals"  , "false"         , "null"
"rq1_full_pipeline_hypersim_100_scenes_4000_samples_join_null_A-20260518-225144", "rgb-rgb_joint_with_normals"                       , "layer_08", "cka"        , "0.9986727244625633"  , "4000"     , "rgb"                     , "rgb_joint_with_normals"  , "false"         , "null"
"rq1_full_pipeline_hypersim_100_scenes_4000_samples_join_null_A-20260518-225144", "rgb-rgb_joint_with_normals"                       , "layer_09", "cka"        , "0.9974082926427605"  , "4000"     , "rgb"                     , "rgb_joint_with_normals"  , "false"         , "null"
"rq1_full_pipeline_hypersim_100_scenes_4000_samples_join_null_A-20260518-225144", "rgb-rgb_joint_with_normals"                       , "layer_10", "cka"        , "0.9950384446026522"  , "4000"     , "rgb"                     , "rgb_joint_with_normals"  , "false"         , "null"
"rq1_full_pipeline_hypersim_100_scenes_4000_samples_join_null_A-20260518-225144", "rgb-rgb_joint_with_normals"                       , "layer_11", "cka"        , "0.9642407822201644"  , "4000"     , "rgb"                     , "rgb_joint_with_normals"  , "false"         , "null"
"rq1_full_pipeline_hypersim_100_scenes_4000_samples_join_null_A-20260518-225144", "rgb-rgb_joint_with_normals"                       , "layer_00", "pwcca"      , "0.9938182014372632"  , "4000"     , "rgb"                     , "rgb_joint_with_normals"  , "true"          , "null"
"rq1_full_pipeline_hypersim_100_scenes_4000_samples_join_null_A-20260518-225144", "rgb-rgb_joint_with_normals"                       , "layer_01", "pwcca"      , "0.9820487555698876"  , "4000"     , "rgb"                     , "rgb_joint_with_normals"  , "true"          , "null"
"rq1_full_pipeline_hypersim_100_scenes_4000_samples_join_null_A-20260518-225144", "rgb-rgb_joint_with_normals"                       , "layer_02", "pwcca"      , "0.9842191489991136"  , "4000"     , "rgb"                     , "rgb_joint_with_normals"  , "true"          , "null"
"rq1_full_pipeline_hypersim_100_scenes_4000_samples_join_null_A-20260518-225144", "rgb-rgb_joint_with_normals"                       , "layer_03", "pwcca"      , "0.9654564065915987"  , "4000"     , "rgb"                     , "rgb_joint_with_normals"  , "true"          , "null"
"rq1_full_pipeline_hypersim_100_scenes_4000_samples_join_null_A-20260518-225144", "rgb-rgb_joint_with_normals"                       , "layer_04", "pwcca"      , "0.9683937426732894"  , "4000"     , "rgb"                     , "rgb_joint_with_normals"  , "true"          , "null"
"rq1_full_pipeline_hypersim_100_scenes_4000_samples_join_null_A-20260518-225144", "rgb-rgb_joint_with_normals"                       , "layer_05", "pwcca"      , "0.9704903383547747"  , "4000"     , "rgb"                     , "rgb_joint_with_normals"  , "true"          , "null"
"rq1_full_pipeline_hypersim_100_scenes_4000_samples_join_null_A-20260518-225144", "rgb-rgb_joint_with_normals"                       , "layer_06", "pwcca"      , "0.9754063213001265"  , "4000"     , "rgb"                     , "rgb_joint_with_normals"  , "true"          , "null"
"rq1_full_pipeline_hypersim_100_scenes_4000_samples_join_null_A-20260518-225144", "rgb-rgb_joint_with_normals"                       , "layer_07", "pwcca"      , "0.9689970153256273"  , "4000"     , "rgb"                     , "rgb_joint_with_normals"  , "true"          , "null"
"rq1_full_pipeline_hypersim_100_scenes_4000_samples_join_null_A-20260518-225144", "rgb-rgb_joint_with_normals"                       , "layer_08", "pwcca"      , "0.9724704044980914"  , "4000"     , "rgb"                     , "rgb_joint_with_normals"  , "true"          , "null"
"rq1_full_pipeline_hypersim_100_scenes_4000_samples_join_null_A-20260518-225144", "rgb-rgb_joint_with_normals"                       , "layer_09", "pwcca"      , "0.9708690381377866"  , "4000"     , "rgb"                     , "rgb_joint_with_normals"  , "true"          , "null"
"rq1_full_pipeline_hypersim_100_scenes_4000_samples_join_null_A-20260518-225144", "rgb-rgb_joint_with_normals"                       , "layer_10", "pwcca"      , "0.9721793290200829"  , "4000"     , "rgb"                     , "rgb_joint_with_normals"  , "true"          , "null"
"rq1_full_pipeline_hypersim_100_scenes_4000_samples_join_null_A-20260518-225144", "rgb-rgb_joint_with_normals"                       , "layer_11", "pwcca"      , "0.9556060869088372"  , "4000"     , "rgb"                     , "rgb_joint_with_normals"  , "true"          , "null"
"rq1_full_pipeline_hypersim_100_scenes_4000_samples_join_null_A-20260518-225144", "rgb-rgb_joint_with_normals"                       , "layer_00", "knn_overlap", "0.945575"            , "4000"     , "rgb"                     , "rgb_joint_with_normals"  , "true"          , "10"
"rq1_full_pipeline_hypersim_100_scenes_4000_samples_join_null_A-20260518-225144", "rgb-rgb_joint_with_normals"                       , "layer_01", "knn_overlap", "0.95175"             , "4000"     , "rgb"                     , "rgb_joint_with_normals"  , "true"          , "10"
"rq1_full_pipeline_hypersim_100_scenes_4000_samples_join_null_A-20260518-225144", "rgb-rgb_joint_with_normals"                       , "layer_02", "knn_overlap", "0.9512499999999999"  , "4000"     , "rgb"                     , "rgb_joint_with_normals"  , "true"          , "10"
"rq1_full_pipeline_hypersim_100_scenes_4000_samples_join_null_A-20260518-225144", "rgb-rgb_joint_with_normals"                       , "layer_03", "knn_overlap", "0.9308249999999999"  , "4000"     , "rgb"                     , "rgb_joint_with_normals"  , "true"          , "10"
"rq1_full_pipeline_hypersim_100_scenes_4000_samples_join_null_A-20260518-225144", "rgb-rgb_joint_with_normals"                       , "layer_04", "knn_overlap", "0.92445"             , "4000"     , "rgb"                     , "rgb_joint_with_normals"  , "true"          , "10"
"rq1_full_pipeline_hypersim_100_scenes_4000_samples_join_null_A-20260518-225144", "rgb-rgb_joint_with_normals"                       , "layer_05", "knn_overlap", "0.9150750000000001"  , "4000"     , "rgb"                     , "rgb_joint_with_normals"  , "true"          , "10"
"rq1_full_pipeline_hypersim_100_scenes_4000_samples_join_null_A-20260518-225144", "rgb-rgb_joint_with_normals"                       , "layer_06", "knn_overlap", "0.9188000000000001"  , "4000"     , "rgb"                     , "rgb_joint_with_normals"  , "true"          , "10"
"rq1_full_pipeline_hypersim_100_scenes_4000_samples_join_null_A-20260518-225144", "rgb-rgb_joint_with_normals"                       , "layer_07", "knn_overlap", "0.90565"             , "4000"     , "rgb"                     , "rgb_joint_with_normals"  , "true"          , "10"
"rq1_full_pipeline_hypersim_100_scenes_4000_samples_join_null_A-20260518-225144", "rgb-rgb_joint_with_normals"                       , "layer_08", "knn_overlap", "0.90055"             , "4000"     , "rgb"                     , "rgb_joint_with_normals"  , "true"          , "10"
"rq1_full_pipeline_hypersim_100_scenes_4000_samples_join_null_A-20260518-225144", "rgb-rgb_joint_with_normals"                       , "layer_09", "knn_overlap", "0.8904"              , "4000"     , "rgb"                     , "rgb_joint_with_normals"  , "true"          , "10"
"rq1_full_pipeline_hypersim_100_scenes_4000_samples_join_null_A-20260518-225144", "rgb-rgb_joint_with_normals"                       , "layer_10", "knn_overlap", "0.8836999999999999"  , "4000"     , "rgb"                     , "rgb_joint_with_normals"  , "true"          , "10"
"rq1_full_pipeline_hypersim_100_scenes_4000_samples_join_null_A-20260518-225144", "rgb-rgb_joint_with_normals"                       , "layer_11", "knn_overlap", "0.7744"              , "4000"     , "rgb"                     , "rgb_joint_with_normals"  , "true"          , "10"
"rq1_full_pipeline_hypersim_100_scenes_4000_samples_join_null_A-20260518-225144", "rgb_joint_with_depth-depth_joint_with_rgb"        , "layer_00", "cka"        , "0.1388589272916773"  , "4000"     , "rgb_joint_with_depth"    , "depth_joint_with_rgb"    , "false"         , "null"
"rq1_full_pipeline_hypersim_100_scenes_4000_samples_join_null_A-20260518-225144", "rgb_joint_with_depth-depth_joint_with_rgb"        , "layer_01", "cka"        , "0.1968420237238175"  , "4000"     , "rgb_joint_with_depth"    , "depth_joint_with_rgb"    , "false"         , "null"
"rq1_full_pipeline_hypersim_100_scenes_4000_samples_join_null_A-20260518-225144", "rgb_joint_with_depth-depth_joint_with_rgb"        , "layer_02", "cka"        , "0.16254080514991262" , "4000"     , "rgb_joint_with_depth"    , "depth_joint_with_rgb"    , "false"         , "null"
"rq1_full_pipeline_hypersim_100_scenes_4000_samples_join_null_A-20260518-225144", "rgb_joint_with_depth-depth_joint_with_rgb"        , "layer_03", "cka"        , "0.19660868827853256" , "4000"     , "rgb_joint_with_depth"    , "depth_joint_with_rgb"    , "false"         , "null"
"rq1_full_pipeline_hypersim_100_scenes_4000_samples_join_null_A-20260518-225144", "rgb_joint_with_depth-depth_joint_with_rgb"        , "layer_04", "cka"        , "0.2273989192580782"  , "4000"     , "rgb_joint_with_depth"    , "depth_joint_with_rgb"    , "false"         , "null"
"rq1_full_pipeline_hypersim_100_scenes_4000_samples_join_null_A-20260518-225144", "rgb_joint_with_depth-depth_joint_with_rgb"        , "layer_05", "cka"        , "0.23426397744897068" , "4000"     , "rgb_joint_with_depth"    , "depth_joint_with_rgb"    , "false"         , "null"
"rq1_full_pipeline_hypersim_100_scenes_4000_samples_join_null_A-20260518-225144", "rgb_joint_with_depth-depth_joint_with_rgb"        , "layer_06", "cka"        , "0.30242529568971527" , "4000"     , "rgb_joint_with_depth"    , "depth_joint_with_rgb"    , "false"         , "null"
"rq1_full_pipeline_hypersim_100_scenes_4000_samples_join_null_A-20260518-225144", "rgb_joint_with_depth-depth_joint_with_rgb"        , "layer_07", "cka"        , "0.34537987081224697" , "4000"     , "rgb_joint_with_depth"    , "depth_joint_with_rgb"    , "false"         , "null"
"rq1_full_pipeline_hypersim_100_scenes_4000_samples_join_null_A-20260518-225144", "rgb_joint_with_depth-depth_joint_with_rgb"        , "layer_08", "cka"        , "0.38462284780483535" , "4000"     , "rgb_joint_with_depth"    , "depth_joint_with_rgb"    , "false"         , "null"
"rq1_full_pipeline_hypersim_100_scenes_4000_samples_join_null_A-20260518-225144", "rgb_joint_with_depth-depth_joint_with_rgb"        , "layer_09", "cka"        , "0.42518607661042285" , "4000"     , "rgb_joint_with_depth"    , "depth_joint_with_rgb"    , "false"         , "null"
"rq1_full_pipeline_hypersim_100_scenes_4000_samples_join_null_A-20260518-225144", "rgb_joint_with_depth-depth_joint_with_rgb"        , "layer_10", "cka"        , "0.5093040873766617"  , "4000"     , "rgb_joint_with_depth"    , "depth_joint_with_rgb"    , "false"         , "null"
"rq1_full_pipeline_hypersim_100_scenes_4000_samples_join_null_A-20260518-225144", "rgb_joint_with_depth-depth_joint_with_rgb"        , "layer_11", "cka"        , "0.5181153348625273"  , "4000"     , "rgb_joint_with_depth"    , "depth_joint_with_rgb"    , "false"         , "null"
"rq1_full_pipeline_hypersim_100_scenes_4000_samples_join_null_A-20260518-225144", "rgb_joint_with_depth-depth_joint_with_rgb"        , "layer_00", "pwcca"      , "0.3621883215521005"  , "4000"     , "rgb_joint_with_depth"    , "depth_joint_with_rgb"    , "true"          , "null"
"rq1_full_pipeline_hypersim_100_scenes_4000_samples_join_null_A-20260518-225144", "rgb_joint_with_depth-depth_joint_with_rgb"        , "layer_01", "pwcca"      , "0.5232335021526018"  , "4000"     , "rgb_joint_with_depth"    , "depth_joint_with_rgb"    , "true"          , "null"
"rq1_full_pipeline_hypersim_100_scenes_4000_samples_join_null_A-20260518-225144", "rgb_joint_with_depth-depth_joint_with_rgb"        , "layer_02", "pwcca"      , "0.49160226604535245" , "4000"     , "rgb_joint_with_depth"    , "depth_joint_with_rgb"    , "true"          , "null"
"rq1_full_pipeline_hypersim_100_scenes_4000_samples_join_null_A-20260518-225144", "rgb_joint_with_depth-depth_joint_with_rgb"        , "layer_03", "pwcca"      , "0.5610726558027281"  , "4000"     , "rgb_joint_with_depth"    , "depth_joint_with_rgb"    , "true"          , "null"
"rq1_full_pipeline_hypersim_100_scenes_4000_samples_join_null_A-20260518-225144", "rgb_joint_with_depth-depth_joint_with_rgb"        , "layer_04", "pwcca"      , "0.5728662225407769"  , "4000"     , "rgb_joint_with_depth"    , "depth_joint_with_rgb"    , "true"          , "null"
"rq1_full_pipeline_hypersim_100_scenes_4000_samples_join_null_A-20260518-225144", "rgb_joint_with_depth-depth_joint_with_rgb"        , "layer_05", "pwcca"      , "0.6214875204728779"  , "4000"     , "rgb_joint_with_depth"    , "depth_joint_with_rgb"    , "true"          , "null"
"rq1_full_pipeline_hypersim_100_scenes_4000_samples_join_null_A-20260518-225144", "rgb_joint_with_depth-depth_joint_with_rgb"        , "layer_06", "pwcca"      , "0.6674311363717494"  , "4000"     , "rgb_joint_with_depth"    , "depth_joint_with_rgb"    , "true"          , "null"
"rq1_full_pipeline_hypersim_100_scenes_4000_samples_join_null_A-20260518-225144", "rgb_joint_with_depth-depth_joint_with_rgb"        , "layer_07", "pwcca"      , "0.7332080712259665"  , "4000"     , "rgb_joint_with_depth"    , "depth_joint_with_rgb"    , "true"          , "null"
"rq1_full_pipeline_hypersim_100_scenes_4000_samples_join_null_A-20260518-225144", "rgb_joint_with_depth-depth_joint_with_rgb"        , "layer_08", "pwcca"      , "0.7419504122664645"  , "4000"     , "rgb_joint_with_depth"    , "depth_joint_with_rgb"    , "true"          , "null"
"rq1_full_pipeline_hypersim_100_scenes_4000_samples_join_null_A-20260518-225144", "rgb_joint_with_depth-depth_joint_with_rgb"        , "layer_09", "pwcca"      , "0.7599071761295341"  , "4000"     , "rgb_joint_with_depth"    , "depth_joint_with_rgb"    , "true"          , "null"
"rq1_full_pipeline_hypersim_100_scenes_4000_samples_join_null_A-20260518-225144", "rgb_joint_with_depth-depth_joint_with_rgb"        , "layer_10", "pwcca"      , "0.7630099293928414"  , "4000"     , "rgb_joint_with_depth"    , "depth_joint_with_rgb"    , "true"          , "null"
"rq1_full_pipeline_hypersim_100_scenes_4000_samples_join_null_A-20260518-225144", "rgb_joint_with_depth-depth_joint_with_rgb"        , "layer_11", "pwcca"      , "0.7067686304817812"  , "4000"     , "rgb_joint_with_depth"    , "depth_joint_with_rgb"    , "true"          , "null"
"rq1_full_pipeline_hypersim_100_scenes_4000_samples_join_null_A-20260518-225144", "rgb_joint_with_depth-depth_joint_with_rgb"        , "layer_00", "knn_overlap", "0.10952500000000001" , "4000"     , "rgb_joint_with_depth"    , "depth_joint_with_rgb"    , "true"          , "10"
"rq1_full_pipeline_hypersim_100_scenes_4000_samples_join_null_A-20260518-225144", "rgb_joint_with_depth-depth_joint_with_rgb"        , "layer_01", "knn_overlap", "0.228825"            , "4000"     , "rgb_joint_with_depth"    , "depth_joint_with_rgb"    , "true"          , "10"
"rq1_full_pipeline_hypersim_100_scenes_4000_samples_join_null_A-20260518-225144", "rgb_joint_with_depth-depth_joint_with_rgb"        , "layer_02", "knn_overlap", "0.253425"            , "4000"     , "rgb_joint_with_depth"    , "depth_joint_with_rgb"    , "true"          , "10"
"rq1_full_pipeline_hypersim_100_scenes_4000_samples_join_null_A-20260518-225144", "rgb_joint_with_depth-depth_joint_with_rgb"        , "layer_03", "knn_overlap", "0.287225"            , "4000"     , "rgb_joint_with_depth"    , "depth_joint_with_rgb"    , "true"          , "10"
"rq1_full_pipeline_hypersim_100_scenes_4000_samples_join_null_A-20260518-225144", "rgb_joint_with_depth-depth_joint_with_rgb"        , "layer_04", "knn_overlap", "0.3102"              , "4000"     , "rgb_joint_with_depth"    , "depth_joint_with_rgb"    , "true"          , "10"
"rq1_full_pipeline_hypersim_100_scenes_4000_samples_join_null_A-20260518-225144", "rgb_joint_with_depth-depth_joint_with_rgb"        , "layer_05", "knn_overlap", "0.3538"              , "4000"     , "rgb_joint_with_depth"    , "depth_joint_with_rgb"    , "true"          , "10"
"rq1_full_pipeline_hypersim_100_scenes_4000_samples_join_null_A-20260518-225144", "rgb_joint_with_depth-depth_joint_with_rgb"        , "layer_06", "knn_overlap", "0.404925"            , "4000"     , "rgb_joint_with_depth"    , "depth_joint_with_rgb"    , "true"          , "10"
"rq1_full_pipeline_hypersim_100_scenes_4000_samples_join_null_A-20260518-225144", "rgb_joint_with_depth-depth_joint_with_rgb"        , "layer_07", "knn_overlap", "0.464875"            , "4000"     , "rgb_joint_with_depth"    , "depth_joint_with_rgb"    , "true"          , "10"
"rq1_full_pipeline_hypersim_100_scenes_4000_samples_join_null_A-20260518-225144", "rgb_joint_with_depth-depth_joint_with_rgb"        , "layer_08", "knn_overlap", "0.51015"             , "4000"     , "rgb_joint_with_depth"    , "depth_joint_with_rgb"    , "true"          , "10"
"rq1_full_pipeline_hypersim_100_scenes_4000_samples_join_null_A-20260518-225144", "rgb_joint_with_depth-depth_joint_with_rgb"        , "layer_09", "knn_overlap", "0.5504249999999999"  , "4000"     , "rgb_joint_with_depth"    , "depth_joint_with_rgb"    , "true"          , "10"
"rq1_full_pipeline_hypersim_100_scenes_4000_samples_join_null_A-20260518-225144", "rgb_joint_with_depth-depth_joint_with_rgb"        , "layer_10", "knn_overlap", "0.5775750000000001"  , "4000"     , "rgb_joint_with_depth"    , "depth_joint_with_rgb"    , "true"          , "10"
"rq1_full_pipeline_hypersim_100_scenes_4000_samples_join_null_A-20260518-225144", "rgb_joint_with_depth-depth_joint_with_rgb"        , "layer_11", "knn_overlap", "0.5114"              , "4000"     , "rgb_joint_with_depth"    , "depth_joint_with_rgb"    , "true"          , "10"
"rq1_full_pipeline_hypersim_100_scenes_4000_samples_join_null_A-20260518-225144", "rgb_joint_with_normals-normals_joint_with_rgb"    , "layer_00", "cka"        , "0.17578573630112426" , "4000"     , "rgb_joint_with_normals"  , "normals_joint_with_rgb"  , "false"         , "null"
"rq1_full_pipeline_hypersim_100_scenes_4000_samples_join_null_A-20260518-225144", "rgb_joint_with_normals-normals_joint_with_rgb"    , "layer_01", "cka"        , "0.21469718044781755" , "4000"     , "rgb_joint_with_normals"  , "normals_joint_with_rgb"  , "false"         , "null"
"rq1_full_pipeline_hypersim_100_scenes_4000_samples_join_null_A-20260518-225144", "rgb_joint_with_normals-normals_joint_with_rgb"    , "layer_02", "cka"        , "0.1796407736461827"  , "4000"     , "rgb_joint_with_normals"  , "normals_joint_with_rgb"  , "false"         , "null"
"rq1_full_pipeline_hypersim_100_scenes_4000_samples_join_null_A-20260518-225144", "rgb_joint_with_normals-normals_joint_with_rgb"    , "layer_03", "cka"        , "0.2760629969939063"  , "4000"     , "rgb_joint_with_normals"  , "normals_joint_with_rgb"  , "false"         , "null"
"rq1_full_pipeline_hypersim_100_scenes_4000_samples_join_null_A-20260518-225144", "rgb_joint_with_normals-normals_joint_with_rgb"    , "layer_04", "cka"        , "0.30953715984896474" , "4000"     , "rgb_joint_with_normals"  , "normals_joint_with_rgb"  , "false"         , "null"
"rq1_full_pipeline_hypersim_100_scenes_4000_samples_join_null_A-20260518-225144", "rgb_joint_with_normals-normals_joint_with_rgb"    , "layer_05", "cka"        , "0.27276383084847644" , "4000"     , "rgb_joint_with_normals"  , "normals_joint_with_rgb"  , "false"         , "null"
"rq1_full_pipeline_hypersim_100_scenes_4000_samples_join_null_A-20260518-225144", "rgb_joint_with_normals-normals_joint_with_rgb"    , "layer_06", "cka"        , "0.37325052969978606" , "4000"     , "rgb_joint_with_normals"  , "normals_joint_with_rgb"  , "false"         , "null"
"rq1_full_pipeline_hypersim_100_scenes_4000_samples_join_null_A-20260518-225144", "rgb_joint_with_normals-normals_joint_with_rgb"    , "layer_07", "cka"        , "0.41902856084566187" , "4000"     , "rgb_joint_with_normals"  , "normals_joint_with_rgb"  , "false"         , "null"
"rq1_full_pipeline_hypersim_100_scenes_4000_samples_join_null_A-20260518-225144", "rgb_joint_with_normals-normals_joint_with_rgb"    , "layer_08", "cka"        , "0.44231758693781287" , "4000"     , "rgb_joint_with_normals"  , "normals_joint_with_rgb"  , "false"         , "null"
"rq1_full_pipeline_hypersim_100_scenes_4000_samples_join_null_A-20260518-225144", "rgb_joint_with_normals-normals_joint_with_rgb"    , "layer_09", "cka"        , "0.4894087622281302"  , "4000"     , "rgb_joint_with_normals"  , "normals_joint_with_rgb"  , "false"         , "null"
"rq1_full_pipeline_hypersim_100_scenes_4000_samples_join_null_A-20260518-225144", "rgb_joint_with_normals-normals_joint_with_rgb"    , "layer_10", "cka"        , "0.5082305312591592"  , "4000"     , "rgb_joint_with_normals"  , "normals_joint_with_rgb"  , "false"         , "null"
"rq1_full_pipeline_hypersim_100_scenes_4000_samples_join_null_A-20260518-225144", "rgb_joint_with_normals-normals_joint_with_rgb"    , "layer_11", "cka"        , "0.4664748031016619"  , "4000"     , "rgb_joint_with_normals"  , "normals_joint_with_rgb"  , "false"         , "null"
"rq1_full_pipeline_hypersim_100_scenes_4000_samples_join_null_A-20260518-225144", "rgb_joint_with_normals-normals_joint_with_rgb"    , "layer_00", "pwcca"      , "0.36063571857344356" , "4000"     , "rgb_joint_with_normals"  , "normals_joint_with_rgb"  , "true"          , "null"
"rq1_full_pipeline_hypersim_100_scenes_4000_samples_join_null_A-20260518-225144", "rgb_joint_with_normals-normals_joint_with_rgb"    , "layer_01", "pwcca"      , "0.5549375131974372"  , "4000"     , "rgb_joint_with_normals"  , "normals_joint_with_rgb"  , "true"          , "null"
"rq1_full_pipeline_hypersim_100_scenes_4000_samples_join_null_A-20260518-225144", "rgb_joint_with_normals-normals_joint_with_rgb"    , "layer_02", "pwcca"      , "0.5961227853990719"  , "4000"     , "rgb_joint_with_normals"  , "normals_joint_with_rgb"  , "true"          , "null"
"rq1_full_pipeline_hypersim_100_scenes_4000_samples_join_null_A-20260518-225144", "rgb_joint_with_normals-normals_joint_with_rgb"    , "layer_03", "pwcca"      , "0.6808420102396413"  , "4000"     , "rgb_joint_with_normals"  , "normals_joint_with_rgb"  , "true"          , "null"
"rq1_full_pipeline_hypersim_100_scenes_4000_samples_join_null_A-20260518-225144", "rgb_joint_with_normals-normals_joint_with_rgb"    , "layer_04", "pwcca"      , "0.6775661094816491"  , "4000"     , "rgb_joint_with_normals"  , "normals_joint_with_rgb"  , "true"          , "null"
"rq1_full_pipeline_hypersim_100_scenes_4000_samples_join_null_A-20260518-225144", "rgb_joint_with_normals-normals_joint_with_rgb"    , "layer_05", "pwcca"      , "0.7124267594390219"  , "4000"     , "rgb_joint_with_normals"  , "normals_joint_with_rgb"  , "true"          , "null"
"rq1_full_pipeline_hypersim_100_scenes_4000_samples_join_null_A-20260518-225144", "rgb_joint_with_normals-normals_joint_with_rgb"    , "layer_06", "pwcca"      , "0.7439210293563053"  , "4000"     , "rgb_joint_with_normals"  , "normals_joint_with_rgb"  , "true"          , "null"
"rq1_full_pipeline_hypersim_100_scenes_4000_samples_join_null_A-20260518-225144", "rgb_joint_with_normals-normals_joint_with_rgb"    , "layer_07", "pwcca"      , "0.7884561685228179"  , "4000"     , "rgb_joint_with_normals"  , "normals_joint_with_rgb"  , "true"          , "null"
"rq1_full_pipeline_hypersim_100_scenes_4000_samples_join_null_A-20260518-225144", "rgb_joint_with_normals-normals_joint_with_rgb"    , "layer_08", "pwcca"      , "0.7779921479331542"  , "4000"     , "rgb_joint_with_normals"  , "normals_joint_with_rgb"  , "true"          , "null"
"rq1_full_pipeline_hypersim_100_scenes_4000_samples_join_null_A-20260518-225144", "rgb_joint_with_normals-normals_joint_with_rgb"    , "layer_09", "pwcca"      , "0.7844039288061824"  , "4000"     , "rgb_joint_with_normals"  , "normals_joint_with_rgb"  , "true"          , "null"
"rq1_full_pipeline_hypersim_100_scenes_4000_samples_join_null_A-20260518-225144", "rgb_joint_with_normals-normals_joint_with_rgb"    , "layer_10", "pwcca"      , "0.7841452810859504"  , "4000"     , "rgb_joint_with_normals"  , "normals_joint_with_rgb"  , "true"          , "null"
"rq1_full_pipeline_hypersim_100_scenes_4000_samples_join_null_A-20260518-225144", "rgb_joint_with_normals-normals_joint_with_rgb"    , "layer_11", "pwcca"      , "0.7270972946208134"  , "4000"     , "rgb_joint_with_normals"  , "normals_joint_with_rgb"  , "true"          , "null"
"rq1_full_pipeline_hypersim_100_scenes_4000_samples_join_null_A-20260518-225144", "rgb_joint_with_normals-normals_joint_with_rgb"    , "layer_00", "knn_overlap", "0.10149999999999999" , "4000"     , "rgb_joint_with_normals"  , "normals_joint_with_rgb"  , "true"          , "10"
"rq1_full_pipeline_hypersim_100_scenes_4000_samples_join_null_A-20260518-225144", "rgb_joint_with_normals-normals_joint_with_rgb"    , "layer_01", "knn_overlap", "0.202425"            , "4000"     , "rgb_joint_with_normals"  , "normals_joint_with_rgb"  , "true"          , "10"
"rq1_full_pipeline_hypersim_100_scenes_4000_samples_join_null_A-20260518-225144", "rgb_joint_with_normals-normals_joint_with_rgb"    , "layer_02", "knn_overlap", "0.2334"              , "4000"     , "rgb_joint_with_normals"  , "normals_joint_with_rgb"  , "true"          , "10"
"rq1_full_pipeline_hypersim_100_scenes_4000_samples_join_null_A-20260518-225144", "rgb_joint_with_normals-normals_joint_with_rgb"    , "layer_03", "knn_overlap", "0.28885"             , "4000"     , "rgb_joint_with_normals"  , "normals_joint_with_rgb"  , "true"          , "10"
"rq1_full_pipeline_hypersim_100_scenes_4000_samples_join_null_A-20260518-225144", "rgb_joint_with_normals-normals_joint_with_rgb"    , "layer_04", "knn_overlap", "0.29685"             , "4000"     , "rgb_joint_with_normals"  , "normals_joint_with_rgb"  , "true"          , "10"
"rq1_full_pipeline_hypersim_100_scenes_4000_samples_join_null_A-20260518-225144", "rgb_joint_with_normals-normals_joint_with_rgb"    , "layer_05", "knn_overlap", "0.3241"              , "4000"     , "rgb_joint_with_normals"  , "normals_joint_with_rgb"  , "true"          , "10"
"rq1_full_pipeline_hypersim_100_scenes_4000_samples_join_null_A-20260518-225144", "rgb_joint_with_normals-normals_joint_with_rgb"    , "layer_06", "knn_overlap", "0.38722500000000004" , "4000"     , "rgb_joint_with_normals"  , "normals_joint_with_rgb"  , "true"          , "10"
"rq1_full_pipeline_hypersim_100_scenes_4000_samples_join_null_A-20260518-225144", "rgb_joint_with_normals-normals_joint_with_rgb"    , "layer_07", "knn_overlap", "0.45535"             , "4000"     , "rgb_joint_with_normals"  , "normals_joint_with_rgb"  , "true"          , "10"
"rq1_full_pipeline_hypersim_100_scenes_4000_samples_join_null_A-20260518-225144", "rgb_joint_with_normals-normals_joint_with_rgb"    , "layer_08", "knn_overlap", "0.49087500000000006" , "4000"     , "rgb_joint_with_normals"  , "normals_joint_with_rgb"  , "true"          , "10"
"rq1_full_pipeline_hypersim_100_scenes_4000_samples_join_null_A-20260518-225144", "rgb_joint_with_normals-normals_joint_with_rgb"    , "layer_09", "knn_overlap", "0.51935"             , "4000"     , "rgb_joint_with_normals"  , "normals_joint_with_rgb"  , "true"          , "10"
"rq1_full_pipeline_hypersim_100_scenes_4000_samples_join_null_A-20260518-225144", "rgb_joint_with_normals-normals_joint_with_rgb"    , "layer_10", "knn_overlap", "0.522825"            , "4000"     , "rgb_joint_with_normals"  , "normals_joint_with_rgb"  , "true"          , "10"
"rq1_full_pipeline_hypersim_100_scenes_4000_samples_join_null_A-20260518-225144", "rgb_joint_with_normals-normals_joint_with_rgb"    , "layer_11", "knn_overlap", "0.439025"            , "4000"     , "rgb_joint_with_normals"  , "normals_joint_with_rgb"  , "true"          , "10"